2025-11-11 12:15:46,790 [BombeRLeWorld] INFO: Initializing game world
2025-11-11 12:15:47,719 [BombeRLeWorld] INFO: STARTING ROUND #1
2025-11-11 12:15:47,824 [BombeRLeWorld] INFO: STARTING STEP 1
2025-11-11 12:15:48,211 [BombeRLeWorld] INFO: Agent <llm_maverick_v4> chose action DOWN in 0.39s.
2025-11-11 12:15:48,211 [BombeRLeWorld] INFO: Agent <llm_maverick_v4> stayed within acceptable think time.
2025-11-11 12:15:48,211 [BombeRLeWorld] INFO: STARTING STEP 2
2025-11-11 12:15:48,212 [BombeRLeWorld] INFO: Agent <llm_maverick_v4> chose action BOMB in 0.00s.
2025-11-11 12:15:48,213 [BombeRLeWorld] INFO: Agent <llm_maverick_v4> stayed within acceptable think time.
2025-11-11 12:15:48,213 [BombeRLeWorld] INFO: Agent <llm_maverick_v4> drops bomb at (15, 2)
2025-11-11 12:15:48,316 [BombeRLeWorld] INFO: STARTING STEP 3
2025-11-11 12:15:48,318 [BombeRLeWorld] INFO: Agent <llm_maverick_v4> chose action UP in 0.00s.
2025-11-11 12:15:48,318 [BombeRLeWorld] INFO: Agent <llm_maverick_v4> stayed within acceptable think time.
2025-11-11 12:15:48,421 [BombeRLeWorld] INFO: STARTING STEP 4
2025-11-11 12:15:48,423 [BombeRLeWorld] INFO: Agent <llm_maverick_v4> chose action LEFT in 0.00s.
2025-11-11 12:15:48,423 [BombeRLeWorld] INFO: Agent <llm_maverick_v4> stayed within acceptable think time.
2025-11-11 12:15:48,522 [BombeRLeWorld] INFO: STARTING STEP 5
2025-11-11 12:15:48,526 [BombeRLeWorld] INFO: Agent <llm_maverick_v4> chose action WAIT in 0.00s.
2025-11-11 12:15:48,526 [BombeRLeWorld] INFO: Agent <llm_maverick_v4> stayed within acceptable think time.
2025-11-11 12:15:48,627 [BombeRLeWorld] INFO: STARTING STEP 6
2025-11-11 12:15:48,630 [BombeRLeWorld] INFO: Agent <llm_maverick_v4> chose action LEFT in 0.00s.
2025-11-11 12:15:48,630 [BombeRLeWorld] INFO: Agent <llm_maverick_v4> stayed within acceptable think time.
2025-11-11 12:15:48,630 [BombeRLeWorld] INFO: Agent <llm_maverick_v4>'s bomb at (15, 2) explodes
2025-11-11 12:15:48,733 [BombeRLeWorld] INFO: STARTING STEP 7
2025-11-11 12:15:48,737 [BombeRLeWorld] INFO: Agent <llm_maverick_v4> chose action BOMB in 0.00s.
2025-11-11 12:15:48,737 [BombeRLeWorld] INFO: Agent <llm_maverick_v4> stayed within acceptable think time.
2025-11-11 12:15:48,737 [BombeRLeWorld] INFO: Agent <llm_maverick_v4> drops bomb at (14, 1)
2025-11-11 12:15:48,842 [BombeRLeWorld] INFO: STARTING STEP 8
2025-11-11 12:15:50,655 [BombeRLeWorld] INFO: Agent <llm_maverick_v4> chose action RIGHT in 1.81s.
2025-11-11 12:15:50,655 [BombeRLeWorld] INFO: Agent <llm_maverick_v4> stayed within acceptable think time.
2025-11-11 12:15:50,655 [BombeRLeWorld] INFO: STARTING STEP 9
2025-11-11 12:15:51,704 [BombeRLeWorld] INFO: Agent <llm_maverick_v4> chose action DOWN in 1.05s.
2025-11-11 12:15:51,704 [BombeRLeWorld] INFO: Agent <llm_maverick_v4> stayed within acceptable think time.
2025-11-11 12:15:51,704 [BombeRLeWorld] INFO: STARTING STEP 10
2025-11-11 12:15:51,708 [BombeRLeWorld] INFO: Agent <llm_maverick_v4> chose action DOWN in 0.00s.
2025-11-11 12:15:51,708 [BombeRLeWorld] INFO: Agent <llm_maverick_v4> stayed within acceptable think time.
2025-11-11 12:15:51,810 [BombeRLeWorld] INFO: STARTING STEP 11
2025-11-11 12:15:51,813 [BombeRLeWorld] INFO: Agent <llm_maverick_v4> chose action DOWN in 0.00s.
2025-11-11 12:15:51,813 [BombeRLeWorld] INFO: Agent <llm_maverick_v4> stayed within acceptable think time.
2025-11-11 12:15:51,813 [BombeRLeWorld] INFO: Agent <llm_maverick_v4>'s bomb at (14, 1) explodes
2025-11-11 12:15:51,915 [BombeRLeWorld] INFO: STARTING STEP 12
2025-11-11 12:15:51,920 [BombeRLeWorld] INFO: Agent <llm_maverick_v4> chose action DOWN in 0.00s.
2025-11-11 12:15:51,920 [BombeRLeWorld] INFO: Agent <llm_maverick_v4> stayed within acceptable think time.
2025-11-11 12:15:52,020 [BombeRLeWorld] INFO: STARTING STEP 13
2025-11-11 12:15:52,027 [BombeRLeWorld] INFO: Agent <llm_maverick_v4> chose action BOMB in 0.01s.
2025-11-11 12:15:52,027 [BombeRLeWorld] INFO: Agent <llm_maverick_v4> stayed within acceptable think time.
2025-11-11 12:15:52,027 [BombeRLeWorld] INFO: Agent <llm_maverick_v4> drops bomb at (15, 5)
2025-11-11 12:15:52,125 [BombeRLeWorld] INFO: STARTING STEP 14
2025-11-11 12:15:52,134 [BombeRLeWorld] INFO: Agent <llm_maverick_v4> chose action UP in 0.01s.
2025-11-11 12:15:52,134 [BombeRLeWorld] INFO: Agent <llm_maverick_v4> stayed within acceptable think time.
2025-11-11 12:15:52,230 [BombeRLeWorld] INFO: STARTING STEP 15
2025-11-11 12:15:52,237 [BombeRLeWorld] INFO: Agent <llm_maverick_v4> chose action UP in 0.01s.
2025-11-11 12:15:52,237 [BombeRLeWorld] INFO: Agent <llm_maverick_v4> stayed within acceptable think time.
2025-11-11 12:15:52,335 [BombeRLeWorld] INFO: STARTING STEP 16
2025-11-11 12:15:52,341 [BombeRLeWorld] INFO: Agent <llm_maverick_v4> chose action UP in 0.01s.
2025-11-11 12:15:52,341 [BombeRLeWorld] INFO: Agent <llm_maverick_v4> stayed within acceptable think time.
2025-11-11 12:15:52,437 [BombeRLeWorld] INFO: STARTING STEP 17
2025-11-11 12:15:52,442 [BombeRLeWorld] INFO: Agent <llm_maverick_v4> chose action UP in 0.00s.
2025-11-11 12:15:52,443 [BombeRLeWorld] INFO: Agent <llm_maverick_v4> stayed within acceptable think time.
2025-11-11 12:15:52,443 [BombeRLeWorld] INFO: Agent <llm_maverick_v4>'s bomb at (15, 5) explodes
2025-11-11 12:15:52,443 [BombeRLeWorld] INFO: Coin found at (12, 5)
2025-11-11 12:15:52,538 [BombeRLeWorld] INFO: STARTING STEP 18
2025-11-11 12:15:52,544 [BombeRLeWorld] INFO: Agent <llm_maverick_v4> chose action WAIT in 0.00s.
2025-11-11 12:15:52,544 [BombeRLeWorld] INFO: Agent <llm_maverick_v4> stayed within acceptable think time.
2025-11-11 12:15:52,644 [BombeRLeWorld] INFO: STARTING STEP 19
2025-11-11 12:15:52,656 [BombeRLeWorld] INFO: Agent <llm_maverick_v4> chose action DOWN in 0.01s.
2025-11-11 12:15:52,656 [BombeRLeWorld] INFO: Agent <llm_maverick_v4> stayed within acceptable think time.
2025-11-11 12:15:52,749 [BombeRLeWorld] INFO: STARTING STEP 20
2025-11-11 12:15:52,760 [BombeRLeWorld] INFO: Agent <llm_maverick_v4> chose action DOWN in 0.01s.
2025-11-11 12:15:52,760 [BombeRLeWorld] INFO: Agent <llm_maverick_v4> stayed within acceptable think time.
2025-11-11 12:15:52,854 [BombeRLeWorld] INFO: STARTING STEP 21
2025-11-11 12:15:52,865 [BombeRLeWorld] INFO: Agent <llm_maverick_v4> chose action BOMB in 0.01s.
2025-11-11 12:15:52,865 [BombeRLeWorld] INFO: Agent <llm_maverick_v4> stayed within acceptable think time.
2025-11-11 12:15:52,865 [BombeRLeWorld] INFO: Agent <llm_maverick_v4> drops bomb at (15, 3)
2025-11-11 12:15:52,959 [BombeRLeWorld] INFO: STARTING STEP 22
2025-11-11 12:15:52,969 [BombeRLeWorld] INFO: Agent <llm_maverick_v4> chose action DOWN in 0.01s.
2025-11-11 12:15:52,970 [BombeRLeWorld] INFO: Agent <llm_maverick_v4> stayed within acceptable think time.
2025-11-11 12:15:53,064 [BombeRLeWorld] INFO: STARTING STEP 23
2025-11-11 12:15:53,073 [BombeRLeWorld] INFO: Agent <llm_maverick_v4> chose action DOWN in 0.01s.
2025-11-11 12:15:53,073 [BombeRLeWorld] INFO: Agent <llm_maverick_v4> stayed within acceptable think time.
2025-11-11 12:15:53,169 [BombeRLeWorld] INFO: STARTING STEP 24
2025-11-11 12:15:53,177 [BombeRLeWorld] INFO: Agent <llm_maverick_v4> chose action LEFT in 0.01s.
2025-11-11 12:15:53,177 [BombeRLeWorld] INFO: Agent <llm_maverick_v4> stayed within acceptable think time.
2025-11-11 12:15:53,274 [BombeRLeWorld] INFO: STARTING STEP 25
2025-11-11 12:15:53,281 [BombeRLeWorld] INFO: Agent <llm_maverick_v4> chose action LEFT in 0.01s.
2025-11-11 12:15:53,281 [BombeRLeWorld] INFO: Agent <llm_maverick_v4> stayed within acceptable think time.
2025-11-11 12:15:53,281 [BombeRLeWorld] INFO: Agent <llm_maverick_v4>'s bomb at (15, 3) explodes
2025-11-11 12:15:53,376 [BombeRLeWorld] INFO: STARTING STEP 26
2025-11-11 12:15:53,384 [BombeRLeWorld] INFO: Agent <llm_maverick_v4> chose action BOMB in 0.01s.
2025-11-11 12:15:53,384 [BombeRLeWorld] INFO: Agent <llm_maverick_v4> stayed within acceptable think time.
2025-11-11 12:15:53,384 [BombeRLeWorld] INFO: Agent <llm_maverick_v4> drops bomb at (13, 5)
2025-11-11 12:15:53,481 [BombeRLeWorld] INFO: STARTING STEP 27
2025-11-11 12:15:53,493 [BombeRLeWorld] INFO: Agent <llm_maverick_v4> chose action RIGHT in 0.01s.
2025-11-11 12:15:53,493 [BombeRLeWorld] INFO: Agent <llm_maverick_v4> stayed within acceptable think time.
2025-11-11 12:15:53,587 [BombeRLeWorld] INFO: STARTING STEP 28
2025-11-11 12:15:53,598 [BombeRLeWorld] INFO: Agent <llm_maverick_v4> chose action RIGHT in 0.01s.
2025-11-11 12:15:53,598 [BombeRLeWorld] INFO: Agent <llm_maverick_v4> stayed within acceptable think time.
2025-11-11 12:15:53,691 [BombeRLeWorld] INFO: STARTING STEP 29
2025-11-11 12:15:53,700 [BombeRLeWorld] INFO: Agent <llm_maverick_v4> chose action DOWN in 0.01s.
2025-11-11 12:15:53,700 [BombeRLeWorld] INFO: Agent <llm_maverick_v4> stayed within acceptable think time.
2025-11-11 12:15:53,797 [BombeRLeWorld] INFO: STARTING STEP 30
2025-11-11 12:15:53,802 [BombeRLeWorld] INFO: Agent <llm_maverick_v4> chose action DOWN in 0.00s.
2025-11-11 12:15:53,803 [BombeRLeWorld] INFO: Agent <llm_maverick_v4> stayed within acceptable think time.
2025-11-11 12:15:53,803 [BombeRLeWorld] INFO: Agent <llm_maverick_v4>'s bomb at (13, 5) explodes
2025-11-11 12:15:53,902 [BombeRLeWorld] INFO: STARTING STEP 31
2025-11-11 12:15:53,907 [BombeRLeWorld] INFO: Agent <llm_maverick_v4> chose action BOMB in 0.00s.
2025-11-11 12:15:53,907 [BombeRLeWorld] INFO: Agent <llm_maverick_v4> stayed within acceptable think time.
2025-11-11 12:15:53,907 [BombeRLeWorld] INFO: Agent <llm_maverick_v4> drops bomb at (15, 7)
2025-11-11 12:15:54,007 [BombeRLeWorld] INFO: STARTING STEP 32
2025-11-11 12:15:54,018 [BombeRLeWorld] INFO: Agent <llm_maverick_v4> chose action UP in 0.01s.
2025-11-11 12:15:54,018 [BombeRLeWorld] INFO: Agent <llm_maverick_v4> stayed within acceptable think time.
2025-11-11 12:15:54,112 [BombeRLeWorld] INFO: STARTING STEP 33
2025-11-11 12:15:54,124 [BombeRLeWorld] INFO: Agent <llm_maverick_v4> chose action UP in 0.01s.
2025-11-11 12:15:54,125 [BombeRLeWorld] INFO: Agent <llm_maverick_v4> stayed within acceptable think time.
2025-11-11 12:15:54,219 [BombeRLeWorld] INFO: STARTING STEP 34
2025-11-11 12:15:54,229 [BombeRLeWorld] INFO: Agent <llm_maverick_v4> chose action LEFT in 0.01s.
2025-11-11 12:15:54,229 [BombeRLeWorld] INFO: Agent <llm_maverick_v4> stayed within acceptable think time.
2025-11-11 12:15:54,324 [BombeRLeWorld] INFO: STARTING STEP 35
2025-11-11 12:15:54,335 [BombeRLeWorld] INFO: Agent <llm_maverick_v4> chose action LEFT in 0.01s.
2025-11-11 12:15:54,335 [BombeRLeWorld] INFO: Agent <llm_maverick_v4> stayed within acceptable think time.
2025-11-11 12:15:54,335 [BombeRLeWorld] INFO: Agent <llm_maverick_v4>'s bomb at (15, 7) explodes
2025-11-11 12:15:54,429 [BombeRLeWorld] INFO: STARTING STEP 36
2025-11-11 12:15:54,436 [BombeRLeWorld] INFO: Agent <llm_maverick_v4> chose action LEFT in 0.01s.
2025-11-11 12:15:54,436 [BombeRLeWorld] INFO: Agent <llm_maverick_v4> stayed within acceptable think time.
2025-11-11 12:15:54,436 [BombeRLeWorld] INFO: Agent <llm_maverick_v4> picked up coin at (12, 5) and receives 1 point
2025-11-11 12:15:54,534 [BombeRLeWorld] INFO: STARTING STEP 37
2025-11-11 12:15:54,542 [BombeRLeWorld] INFO: Agent <llm_maverick_v4> chose action LEFT in 0.01s.
2025-11-11 12:15:54,542 [BombeRLeWorld] INFO: Agent <llm_maverick_v4> stayed within acceptable think time.
2025-11-11 12:15:54,639 [BombeRLeWorld] INFO: STARTING STEP 38
2025-11-11 12:15:54,648 [BombeRLeWorld] INFO: Agent <llm_maverick_v4> chose action BOMB in 0.01s.
2025-11-11 12:15:54,648 [BombeRLeWorld] INFO: Agent <llm_maverick_v4> stayed within acceptable think time.
2025-11-11 12:15:54,648 [BombeRLeWorld] INFO: Agent <llm_maverick_v4> drops bomb at (11, 5)
2025-11-11 12:15:54,744 [BombeRLeWorld] INFO: STARTING STEP 39
2025-11-11 12:15:54,756 [BombeRLeWorld] INFO: Agent <llm_maverick_v4> chose action RIGHT in 0.01s.
2025-11-11 12:15:54,756 [BombeRLeWorld] INFO: Agent <llm_maverick_v4> stayed within acceptable think time.
2025-11-11 12:15:54,855 [BombeRLeWorld] INFO: STARTING STEP 40
2025-11-11 12:15:54,868 [BombeRLeWorld] INFO: Agent <llm_maverick_v4> chose action RIGHT in 0.01s.
2025-11-11 12:15:54,868 [BombeRLeWorld] INFO: Agent <llm_maverick_v4> stayed within acceptable think time.
2025-11-11 12:15:54,960 [BombeRLeWorld] INFO: STARTING STEP 41
2025-11-11 12:15:54,966 [BombeRLeWorld] INFO: Agent <llm_maverick_v4> chose action DOWN in 0.01s.
2025-11-11 12:15:54,966 [BombeRLeWorld] INFO: Agent <llm_maverick_v4> stayed within acceptable think time.
2025-11-11 12:15:55,065 [BombeRLeWorld] INFO: STARTING STEP 42
2025-11-11 12:15:55,075 [BombeRLeWorld] INFO: Agent <llm_maverick_v4> chose action DOWN in 0.01s.
2025-11-11 12:15:55,075 [BombeRLeWorld] INFO: Agent <llm_maverick_v4> stayed within acceptable think time.
2025-11-11 12:15:55,075 [BombeRLeWorld] INFO: Agent <llm_maverick_v4>'s bomb at (11, 5) explodes
2025-11-11 12:15:55,075 [BombeRLeWorld] INFO: Coin found at (11, 8)
2025-11-11 12:15:55,170 [BombeRLeWorld] INFO: STARTING STEP 43
2025-11-11 12:15:55,179 [BombeRLeWorld] INFO: Agent <llm_maverick_v4> chose action DOWN in 0.01s.
2025-11-11 12:15:55,179 [BombeRLeWorld] INFO: Agent <llm_maverick_v4> stayed within acceptable think time.
2025-11-11 12:15:55,275 [BombeRLeWorld] INFO: STARTING STEP 44
2025-11-11 12:15:55,295 [BombeRLeWorld] INFO: Agent <llm_maverick_v4> chose action BOMB in 0.02s.
2025-11-11 12:15:55,295 [BombeRLeWorld] INFO: Agent <llm_maverick_v4> stayed within acceptable think time.
2025-11-11 12:15:55,295 [BombeRLeWorld] INFO: Agent <llm_maverick_v4> drops bomb at (13, 8)
2025-11-11 12:15:55,380 [BombeRLeWorld] INFO: STARTING STEP 45
2025-11-11 12:15:55,393 [BombeRLeWorld] INFO: Agent <llm_maverick_v4> chose action UP in 0.01s.
2025-11-11 12:15:55,393 [BombeRLeWorld] INFO: Agent <llm_maverick_v4> stayed within acceptable think time.
2025-11-11 12:15:55,485 [BombeRLeWorld] INFO: STARTING STEP 46
2025-11-11 12:15:55,500 [BombeRLeWorld] INFO: Agent <llm_maverick_v4> chose action LEFT in 0.01s.
2025-11-11 12:15:55,500 [BombeRLeWorld] INFO: Agent <llm_maverick_v4> stayed within acceptable think time.
2025-11-11 12:15:55,587 [BombeRLeWorld] INFO: STARTING STEP 47
2025-11-11 12:15:55,603 [BombeRLeWorld] INFO: Agent <llm_maverick_v4> chose action LEFT in 0.01s.
2025-11-11 12:15:55,603 [BombeRLeWorld] INFO: Agent <llm_maverick_v4> stayed within acceptable think time.
2025-11-11 12:15:55,692 [BombeRLeWorld] INFO: STARTING STEP 48
2025-11-11 12:15:55,707 [BombeRLeWorld] INFO: Agent <llm_maverick_v4> chose action DOWN in 0.01s.
2025-11-11 12:15:55,707 [BombeRLeWorld] INFO: Agent <llm_maverick_v4> stayed within acceptable think time.
2025-11-11 12:15:55,707 [BombeRLeWorld] INFO: Agent <llm_maverick_v4> picked up coin at (11, 8) and receives 1 point
2025-11-11 12:15:55,707 [BombeRLeWorld] INFO: Agent <llm_maverick_v4>'s bomb at (13, 8) explodes
2025-11-11 12:15:55,707 [BombeRLeWorld] INFO: Coin found at (13, 11)
2025-11-11 12:15:55,797 [BombeRLeWorld] INFO: STARTING STEP 49
2025-11-11 12:15:55,816 [BombeRLeWorld] INFO: Agent <llm_maverick_v4> chose action BOMB in 0.02s.
2025-11-11 12:15:55,816 [BombeRLeWorld] INFO: Agent <llm_maverick_v4> stayed within acceptable think time.
2025-11-11 12:15:55,816 [BombeRLeWorld] INFO: Agent <llm_maverick_v4> drops bomb at (11, 8)
2025-11-11 12:15:55,898 [BombeRLeWorld] INFO: STARTING STEP 50
2025-11-11 12:15:55,913 [BombeRLeWorld] INFO: Agent <llm_maverick_v4> chose action UP in 0.01s.
2025-11-11 12:15:55,913 [BombeRLeWorld] INFO: Agent <llm_maverick_v4> stayed within acceptable think time.
2025-11-11 12:15:56,000 [BombeRLeWorld] INFO: STARTING STEP 51
2025-11-11 12:15:56,014 [BombeRLeWorld] INFO: Agent <llm_maverick_v4> chose action RIGHT in 0.01s.
2025-11-11 12:15:56,014 [BombeRLeWorld] INFO: Agent <llm_maverick_v4> stayed within acceptable think time.
2025-11-11 12:15:56,105 [BombeRLeWorld] INFO: STARTING STEP 52
2025-11-11 12:15:56,126 [BombeRLeWorld] INFO: Agent <llm_maverick_v4> chose action RIGHT in 0.02s.
2025-11-11 12:15:56,126 [BombeRLeWorld] INFO: Agent <llm_maverick_v4> stayed within acceptable think time.
2025-11-11 12:15:56,210 [BombeRLeWorld] INFO: STARTING STEP 53
2025-11-11 12:15:56,224 [BombeRLeWorld] INFO: Agent <llm_maverick_v4> chose action DOWN in 0.01s.
2025-11-11 12:15:56,224 [BombeRLeWorld] INFO: Agent <llm_maverick_v4> stayed within acceptable think time.
2025-11-11 12:15:56,224 [BombeRLeWorld] INFO: Agent <llm_maverick_v4>'s bomb at (11, 8) explodes
2025-11-11 12:15:56,315 [BombeRLeWorld] INFO: STARTING STEP 54
2025-11-11 12:15:56,329 [BombeRLeWorld] INFO: Agent <llm_maverick_v4> chose action DOWN in 0.01s.
2025-11-11 12:15:56,329 [BombeRLeWorld] INFO: Agent <llm_maverick_v4> stayed within acceptable think time.
2025-11-11 12:15:56,420 [BombeRLeWorld] INFO: STARTING STEP 55
2025-11-11 12:15:56,433 [BombeRLeWorld] INFO: Agent <llm_maverick_v4> chose action BOMB in 0.01s.
2025-11-11 12:15:56,433 [BombeRLeWorld] INFO: Agent <llm_maverick_v4> stayed within acceptable think time.
2025-11-11 12:15:56,433 [BombeRLeWorld] INFO: Agent <llm_maverick_v4> drops bomb at (13, 9)
2025-11-11 12:15:56,525 [BombeRLeWorld] INFO: STARTING STEP 56
2025-11-11 12:15:56,539 [BombeRLeWorld] INFO: Agent <llm_maverick_v4> chose action UP in 0.01s.
2025-11-11 12:15:56,540 [BombeRLeWorld] INFO: Agent <llm_maverick_v4> stayed within acceptable think time.
2025-11-11 12:15:56,630 [BombeRLeWorld] INFO: STARTING STEP 57
2025-11-11 12:15:56,653 [BombeRLeWorld] INFO: Agent <llm_maverick_v4> chose action UP in 0.02s.
2025-11-11 12:15:56,653 [BombeRLeWorld] INFO: Agent <llm_maverick_v4> stayed within acceptable think time.
2025-11-11 12:15:56,735 [BombeRLeWorld] INFO: STARTING STEP 58
2025-11-11 12:15:56,749 [BombeRLeWorld] INFO: Agent <llm_maverick_v4> chose action LEFT in 0.01s.
2025-11-11 12:15:56,749 [BombeRLeWorld] INFO: Agent <llm_maverick_v4> stayed within acceptable think time.
2025-11-11 12:15:56,840 [BombeRLeWorld] INFO: STARTING STEP 59
2025-11-11 12:15:56,845 [BombeRLeWorld] INFO: Agent <llm_maverick_v4> chose action LEFT in 0.00s.
2025-11-11 12:15:56,845 [BombeRLeWorld] INFO: Agent <llm_maverick_v4> stayed within acceptable think time.
2025-11-11 12:15:56,845 [BombeRLeWorld] INFO: Agent <llm_maverick_v4>'s bomb at (13, 9) explodes
2025-11-11 12:15:56,946 [BombeRLeWorld] INFO: STARTING STEP 60
2025-11-11 12:15:56,954 [BombeRLeWorld] INFO: Agent <llm_maverick_v4> chose action BOMB in 0.01s.
2025-11-11 12:15:56,954 [BombeRLeWorld] INFO: Agent <llm_maverick_v4> stayed within acceptable think time.
2025-11-11 12:15:56,954 [BombeRLeWorld] INFO: Agent <llm_maverick_v4> drops bomb at (11, 7)
2025-11-11 12:15:57,050 [BombeRLeWorld] INFO: STARTING STEP 61
2025-11-11 12:15:57,061 [BombeRLeWorld] INFO: Agent <llm_maverick_v4> chose action DOWN in 0.01s.
2025-11-11 12:15:57,061 [BombeRLeWorld] INFO: Agent <llm_maverick_v4> stayed within acceptable think time.
2025-11-11 12:15:57,155 [BombeRLeWorld] INFO: STARTING STEP 62
2025-11-11 12:15:57,171 [BombeRLeWorld] INFO: Agent <llm_maverick_v4> chose action DOWN in 0.02s.
2025-11-11 12:15:57,171 [BombeRLeWorld] INFO: Agent <llm_maverick_v4> stayed within acceptable think time.
2025-11-11 12:15:57,260 [BombeRLeWorld] INFO: STARTING STEP 63
2025-11-11 12:15:57,267 [BombeRLeWorld] INFO: Agent <llm_maverick_v4> chose action LEFT in 0.01s.
2025-11-11 12:15:57,267 [BombeRLeWorld] INFO: Agent <llm_maverick_v4> stayed within acceptable think time.
2025-11-11 12:15:57,365 [BombeRLeWorld] INFO: STARTING STEP 64
2025-11-11 12:15:57,370 [BombeRLeWorld] INFO: Agent <llm_maverick_v4> chose action LEFT in 0.00s.
2025-11-11 12:15:57,370 [BombeRLeWorld] INFO: Agent <llm_maverick_v4> stayed within acceptable think time.
2025-11-11 12:15:57,370 [BombeRLeWorld] INFO: Agent <llm_maverick_v4>'s bomb at (11, 7) explodes
2025-11-11 12:15:57,470 [BombeRLeWorld] INFO: STARTING STEP 65
2025-11-11 12:15:57,479 [BombeRLeWorld] INFO: Agent <llm_maverick_v4> chose action BOMB in 0.00s.
2025-11-11 12:15:57,479 [BombeRLeWorld] INFO: Agent <llm_maverick_v4> stayed within acceptable think time.
2025-11-11 12:15:57,479 [BombeRLeWorld] INFO: Agent <llm_maverick_v4> drops bomb at (9, 9)
2025-11-11 12:15:57,575 [BombeRLeWorld] INFO: STARTING STEP 66
2025-11-11 12:15:57,596 [BombeRLeWorld] INFO: Agent <llm_maverick_v4> chose action RIGHT in 0.02s.
2025-11-11 12:15:57,597 [BombeRLeWorld] INFO: Agent <llm_maverick_v4> stayed within acceptable think time.
2025-11-11 12:15:57,680 [BombeRLeWorld] INFO: STARTING STEP 67
2025-11-11 12:15:57,701 [BombeRLeWorld] INFO: Agent <llm_maverick_v4> chose action RIGHT in 0.02s.
2025-11-11 12:15:57,701 [BombeRLeWorld] INFO: Agent <llm_maverick_v4> stayed within acceptable think time.
2025-11-11 12:15:57,785 [BombeRLeWorld] INFO: STARTING STEP 68
2025-11-11 12:15:57,794 [BombeRLeWorld] INFO: Agent <llm_maverick_v4> chose action DOWN in 0.01s.
2025-11-11 12:15:57,794 [BombeRLeWorld] INFO: Agent <llm_maverick_v4> stayed within acceptable think time.
2025-11-11 12:15:57,890 [BombeRLeWorld] INFO: STARTING STEP 69
2025-11-11 12:15:57,897 [BombeRLeWorld] INFO: Agent <llm_maverick_v4> chose action DOWN in 0.01s.
2025-11-11 12:15:57,898 [BombeRLeWorld] INFO: Agent <llm_maverick_v4> stayed within acceptable think time.
2025-11-11 12:15:57,898 [BombeRLeWorld] INFO: Agent <llm_maverick_v4>'s bomb at (9, 9) explodes
2025-11-11 12:15:57,923 [BombeRLeWorld] INFO: WRAPPING UP ROUND #1
2025-11-11 12:15:57,934 [BombeRLeWorld] INFO: STARTING ROUND #2
2025-11-11 12:15:57,995 [BombeRLeWorld] INFO: STARTING STEP 1
2025-11-11 12:15:57,999 [BombeRLeWorld] INFO: Agent <llm_maverick_v4> chose action DOWN in 0.00s.
2025-11-11 12:15:57,999 [BombeRLeWorld] INFO: Agent <llm_maverick_v4> stayed within acceptable think time.
2025-11-11 12:15:58,100 [BombeRLeWorld] INFO: STARTING STEP 2
2025-11-11 12:15:58,103 [BombeRLeWorld] INFO: Agent <llm_maverick_v4> chose action BOMB in 0.00s.
2025-11-11 12:15:58,103 [BombeRLeWorld] INFO: Agent <llm_maverick_v4> stayed within acceptable think time.
2025-11-11 12:15:58,103 [BombeRLeWorld] INFO: Agent <llm_maverick_v4> drops bomb at (15, 2)
2025-11-11 12:15:58,205 [BombeRLeWorld] INFO: STARTING STEP 3
2025-11-11 12:15:58,211 [BombeRLeWorld] INFO: Agent <llm_maverick_v4> chose action UP in 0.01s.
2025-11-11 12:15:58,211 [BombeRLeWorld] INFO: Agent <llm_maverick_v4> stayed within acceptable think time.
2025-11-11 12:15:58,310 [BombeRLeWorld] INFO: STARTING STEP 4
2025-11-11 12:15:58,318 [BombeRLeWorld] INFO: Agent <llm_maverick_v4> chose action LEFT in 0.01s.
2025-11-11 12:15:58,318 [BombeRLeWorld] INFO: Agent <llm_maverick_v4> stayed within acceptable think time.
2025-11-11 12:15:58,415 [BombeRLeWorld] INFO: STARTING STEP 5
2025-11-11 12:15:58,420 [BombeRLeWorld] INFO: Agent <llm_maverick_v4> chose action WAIT in 0.00s.
2025-11-11 12:15:58,420 [BombeRLeWorld] INFO: Agent <llm_maverick_v4> stayed within acceptable think time.
2025-11-11 12:15:58,520 [BombeRLeWorld] INFO: STARTING STEP 6
2025-11-11 12:15:58,524 [BombeRLeWorld] INFO: Agent <llm_maverick_v4> chose action LEFT in 0.00s.
2025-11-11 12:15:58,524 [BombeRLeWorld] INFO: Agent <llm_maverick_v4> stayed within acceptable think time.
2025-11-11 12:15:58,524 [BombeRLeWorld] INFO: Agent <llm_maverick_v4>'s bomb at (15, 2) explodes
2025-11-11 12:15:58,524 [BombeRLeWorld] INFO: Coin found at (15, 3)
2025-11-11 12:15:58,625 [BombeRLeWorld] INFO: STARTING STEP 7
2025-11-11 12:15:58,628 [BombeRLeWorld] INFO: Agent <llm_maverick_v4> chose action BOMB in 0.00s.
2025-11-11 12:15:58,628 [BombeRLeWorld] INFO: Agent <llm_maverick_v4> stayed within acceptable think time.
2025-11-11 12:15:58,628 [BombeRLeWorld] INFO: Agent <llm_maverick_v4> drops bomb at (14, 1)
2025-11-11 12:15:58,730 [BombeRLeWorld] INFO: STARTING STEP 8
2025-11-11 12:16:00,476 [BombeRLeWorld] INFO: Agent <llm_maverick_v4> chose action RIGHT in 1.75s.
2025-11-11 12:16:00,476 [BombeRLeWorld] INFO: Agent <llm_maverick_v4> stayed within acceptable think time.
2025-11-11 12:16:00,476 [BombeRLeWorld] INFO: STARTING STEP 9
2025-11-11 12:16:01,460 [BombeRLeWorld] INFO: Agent <llm_maverick_v4> chose action DOWN in 0.98s.
2025-11-11 12:16:01,460 [BombeRLeWorld] INFO: Agent <llm_maverick_v4> stayed within acceptable think time.
2025-11-11 12:16:01,460 [BombeRLeWorld] INFO: STARTING STEP 10
2025-11-11 12:16:01,470 [BombeRLeWorld] INFO: Agent <llm_maverick_v4> chose action DOWN in 0.00s.
2025-11-11 12:16:01,471 [BombeRLeWorld] INFO: Agent <llm_maverick_v4> stayed within acceptable think time.
2025-11-11 12:16:01,471 [BombeRLeWorld] INFO: Agent <llm_maverick_v4> picked up coin at (15, 3) and receives 1 point
2025-11-11 12:16:01,563 [BombeRLeWorld] INFO: STARTING STEP 11
2025-11-11 12:16:01,569 [BombeRLeWorld] INFO: Agent <llm_maverick_v4> chose action DOWN in 0.01s.
2025-11-11 12:16:01,569 [BombeRLeWorld] INFO: Agent <llm_maverick_v4> stayed within acceptable think time.
2025-11-11 12:16:01,569 [BombeRLeWorld] INFO: Agent <llm_maverick_v4>'s bomb at (14, 1) explodes
2025-11-11 12:16:01,664 [BombeRLeWorld] INFO: STARTING STEP 12
2025-11-11 12:16:01,670 [BombeRLeWorld] INFO: Agent <llm_maverick_v4> chose action DOWN in 0.01s.
2025-11-11 12:16:01,670 [BombeRLeWorld] INFO: Agent <llm_maverick_v4> stayed within acceptable think time.
2025-11-11 12:16:01,773 [BombeRLeWorld] INFO: STARTING STEP 13
2025-11-11 12:16:01,781 [BombeRLeWorld] INFO: Agent <llm_maverick_v4> chose action BOMB in 0.01s.
2025-11-11 12:16:01,781 [BombeRLeWorld] INFO: Agent <llm_maverick_v4> stayed within acceptable think time.
2025-11-11 12:16:01,781 [BombeRLeWorld] INFO: Agent <llm_maverick_v4> drops bomb at (15, 5)
2025-11-11 12:16:01,878 [BombeRLeWorld] INFO: STARTING STEP 14
2025-11-11 12:16:01,887 [BombeRLeWorld] INFO: Agent <llm_maverick_v4> chose action UP in 0.01s.
2025-11-11 12:16:01,887 [BombeRLeWorld] INFO: Agent <llm_maverick_v4> stayed within acceptable think time.
2025-11-11 12:16:01,983 [BombeRLeWorld] INFO: STARTING STEP 15
2025-11-11 12:16:01,991 [BombeRLeWorld] INFO: Agent <llm_maverick_v4> chose action UP in 0.01s.
2025-11-11 12:16:01,991 [BombeRLeWorld] INFO: Agent <llm_maverick_v4> stayed within acceptable think time.
2025-11-11 12:16:02,088 [BombeRLeWorld] INFO: STARTING STEP 16
2025-11-11 12:16:02,094 [BombeRLeWorld] INFO: Agent <llm_maverick_v4> chose action UP in 0.01s.
2025-11-11 12:16:02,094 [BombeRLeWorld] INFO: Agent <llm_maverick_v4> stayed within acceptable think time.
2025-11-11 12:16:02,194 [BombeRLeWorld] INFO: STARTING STEP 17
2025-11-11 12:16:02,200 [BombeRLeWorld] INFO: Agent <llm_maverick_v4> chose action UP in 0.01s.
2025-11-11 12:16:02,200 [BombeRLeWorld] INFO: Agent <llm_maverick_v4> stayed within acceptable think time.
2025-11-11 12:16:02,200 [BombeRLeWorld] INFO: Agent <llm_maverick_v4>'s bomb at (15, 5) explodes
2025-11-11 12:16:02,305 [BombeRLeWorld] INFO: STARTING STEP 18
2025-11-11 12:16:02,314 [BombeRLeWorld] INFO: Agent <llm_maverick_v4> chose action WAIT in 0.00s.
2025-11-11 12:16:02,314 [BombeRLeWorld] INFO: Agent <llm_maverick_v4> stayed within acceptable think time.
2025-11-11 12:16:02,410 [BombeRLeWorld] INFO: STARTING STEP 19
2025-11-11 12:16:02,420 [BombeRLeWorld] INFO: Agent <llm_maverick_v4> chose action DOWN in 0.01s.
2025-11-11 12:16:02,420 [BombeRLeWorld] INFO: Agent <llm_maverick_v4> stayed within acceptable think time.
2025-11-11 12:16:02,515 [BombeRLeWorld] INFO: STARTING STEP 20
2025-11-11 12:16:02,525 [BombeRLeWorld] INFO: Agent <llm_maverick_v4> chose action DOWN in 0.01s.
2025-11-11 12:16:02,526 [BombeRLeWorld] INFO: Agent <llm_maverick_v4> stayed within acceptable think time.
2025-11-11 12:16:02,620 [BombeRLeWorld] INFO: STARTING STEP 21
2025-11-11 12:16:02,629 [BombeRLeWorld] INFO: Agent <llm_maverick_v4> chose action BOMB in 0.01s.
2025-11-11 12:16:02,629 [BombeRLeWorld] INFO: Agent <llm_maverick_v4> stayed within acceptable think time.
2025-11-11 12:16:02,629 [BombeRLeWorld] INFO: Agent <llm_maverick_v4> drops bomb at (15, 3)
2025-11-11 12:16:02,725 [BombeRLeWorld] INFO: STARTING STEP 22
2025-11-11 12:16:02,735 [BombeRLeWorld] INFO: Agent <llm_maverick_v4> chose action DOWN in 0.01s.
2025-11-11 12:16:02,735 [BombeRLeWorld] INFO: Agent <llm_maverick_v4> stayed within acceptable think time.
2025-11-11 12:16:02,836 [BombeRLeWorld] INFO: STARTING STEP 23
2025-11-11 12:16:02,844 [BombeRLeWorld] INFO: Agent <llm_maverick_v4> chose action DOWN in 0.01s.
2025-11-11 12:16:02,844 [BombeRLeWorld] INFO: Agent <llm_maverick_v4> stayed within acceptable think time.
2025-11-11 12:16:02,941 [BombeRLeWorld] INFO: STARTING STEP 24
2025-11-11 12:16:02,949 [BombeRLeWorld] INFO: Agent <llm_maverick_v4> chose action LEFT in 0.01s.
2025-11-11 12:16:02,949 [BombeRLeWorld] INFO: Agent <llm_maverick_v4> stayed within acceptable think time.
2025-11-11 12:16:03,046 [BombeRLeWorld] INFO: STARTING STEP 25
2025-11-11 12:16:03,052 [BombeRLeWorld] INFO: Agent <llm_maverick_v4> chose action LEFT in 0.00s.
2025-11-11 12:16:03,052 [BombeRLeWorld] INFO: Agent <llm_maverick_v4> stayed within acceptable think time.
2025-11-11 12:16:03,052 [BombeRLeWorld] INFO: Agent <llm_maverick_v4>'s bomb at (15, 3) explodes
2025-11-11 12:16:03,149 [BombeRLeWorld] INFO: STARTING STEP 26
2025-11-11 12:16:03,154 [BombeRLeWorld] INFO: Agent <llm_maverick_v4> chose action BOMB in 0.00s.
2025-11-11 12:16:03,154 [BombeRLeWorld] INFO: Agent <llm_maverick_v4> stayed within acceptable think time.
2025-11-11 12:16:03,154 [BombeRLeWorld] INFO: Agent <llm_maverick_v4> drops bomb at (13, 5)
2025-11-11 12:16:03,254 [BombeRLeWorld] INFO: STARTING STEP 27
2025-11-11 12:16:03,266 [BombeRLeWorld] INFO: Agent <llm_maverick_v4> chose action RIGHT in 0.01s.
2025-11-11 12:16:03,266 [BombeRLeWorld] INFO: Agent <llm_maverick_v4> stayed within acceptable think time.
2025-11-11 12:16:03,359 [BombeRLeWorld] INFO: STARTING STEP 28
2025-11-11 12:16:03,376 [BombeRLeWorld] INFO: Agent <llm_maverick_v4> chose action RIGHT in 0.02s.
2025-11-11 12:16:03,376 [BombeRLeWorld] INFO: Agent <llm_maverick_v4> stayed within acceptable think time.
2025-11-11 12:16:03,465 [BombeRLeWorld] INFO: STARTING STEP 29
2025-11-11 12:16:03,475 [BombeRLeWorld] INFO: Agent <llm_maverick_v4> chose action DOWN in 0.01s.
2025-11-11 12:16:03,475 [BombeRLeWorld] INFO: Agent <llm_maverick_v4> stayed within acceptable think time.
2025-11-11 12:16:03,570 [BombeRLeWorld] INFO: STARTING STEP 30
2025-11-11 12:16:03,575 [BombeRLeWorld] INFO: Agent <llm_maverick_v4> chose action DOWN in 0.00s.
2025-11-11 12:16:03,575 [BombeRLeWorld] INFO: Agent <llm_maverick_v4> stayed within acceptable think time.
2025-11-11 12:16:03,575 [BombeRLeWorld] INFO: Agent <llm_maverick_v4>'s bomb at (13, 5) explodes
2025-11-11 12:16:03,680 [BombeRLeWorld] INFO: STARTING STEP 31
2025-11-11 12:16:03,684 [BombeRLeWorld] INFO: Agent <llm_maverick_v4> chose action BOMB in 0.00s.
2025-11-11 12:16:03,684 [BombeRLeWorld] INFO: Agent <llm_maverick_v4> stayed within acceptable think time.
2025-11-11 12:16:03,684 [BombeRLeWorld] INFO: Agent <llm_maverick_v4> drops bomb at (15, 7)
2025-11-11 12:16:03,785 [BombeRLeWorld] INFO: STARTING STEP 32
2025-11-11 12:16:03,799 [BombeRLeWorld] INFO: Agent <llm_maverick_v4> chose action UP in 0.01s.
2025-11-11 12:16:03,799 [BombeRLeWorld] INFO: Agent <llm_maverick_v4> stayed within acceptable think time.
2025-11-11 12:16:03,890 [BombeRLeWorld] INFO: STARTING STEP 33
2025-11-11 12:16:03,908 [BombeRLeWorld] INFO: Agent <llm_maverick_v4> chose action UP in 0.02s.
2025-11-11 12:16:03,908 [BombeRLeWorld] INFO: Agent <llm_maverick_v4> stayed within acceptable think time.
2025-11-11 12:16:03,995 [BombeRLeWorld] INFO: STARTING STEP 34
2025-11-11 12:16:04,001 [BombeRLeWorld] INFO: Agent <llm_maverick_v4> chose action LEFT in 0.01s.
2025-11-11 12:16:04,001 [BombeRLeWorld] INFO: Agent <llm_maverick_v4> stayed within acceptable think time.
2025-11-11 12:16:04,100 [BombeRLeWorld] INFO: STARTING STEP 35
2025-11-11 12:16:04,105 [BombeRLeWorld] INFO: Agent <llm_maverick_v4> chose action LEFT in 0.01s.
2025-11-11 12:16:04,105 [BombeRLeWorld] INFO: Agent <llm_maverick_v4> stayed within acceptable think time.
2025-11-11 12:16:04,105 [BombeRLeWorld] INFO: Agent <llm_maverick_v4>'s bomb at (15, 7) explodes
2025-11-11 12:16:04,105 [BombeRLeWorld] INFO: Coin found at (14, 7)
2025-11-11 12:16:04,205 [BombeRLeWorld] INFO: STARTING STEP 36
2025-11-11 12:16:04,212 [BombeRLeWorld] INFO: Agent <llm_maverick_v4> chose action LEFT in 0.01s.
2025-11-11 12:16:04,213 [BombeRLeWorld] INFO: Agent <llm_maverick_v4> stayed within acceptable think time.
2025-11-11 12:16:04,310 [BombeRLeWorld] INFO: STARTING STEP 37
2025-11-11 12:16:04,324 [BombeRLeWorld] INFO: Agent <llm_maverick_v4> chose action LEFT in 0.01s.
2025-11-11 12:16:04,324 [BombeRLeWorld] INFO: Agent <llm_maverick_v4> stayed within acceptable think time.
2025-11-11 12:16:04,417 [BombeRLeWorld] INFO: STARTING STEP 38
2025-11-11 12:16:04,430 [BombeRLeWorld] INFO: Agent <llm_maverick_v4> chose action BOMB in 0.01s.
2025-11-11 12:16:04,430 [BombeRLeWorld] INFO: Agent <llm_maverick_v4> stayed within acceptable think time.
2025-11-11 12:16:04,430 [BombeRLeWorld] INFO: Agent <llm_maverick_v4> drops bomb at (11, 5)
2025-11-11 12:16:04,523 [BombeRLeWorld] INFO: STARTING STEP 39
2025-11-11 12:16:04,537 [BombeRLeWorld] INFO: Agent <llm_maverick_v4> chose action RIGHT in 0.01s.
2025-11-11 12:16:04,537 [BombeRLeWorld] INFO: Agent <llm_maverick_v4> stayed within acceptable think time.
2025-11-11 12:16:04,628 [BombeRLeWorld] INFO: STARTING STEP 40
2025-11-11 12:16:04,647 [BombeRLeWorld] INFO: Agent <llm_maverick_v4> chose action RIGHT in 0.02s.
2025-11-11 12:16:04,647 [BombeRLeWorld] INFO: Agent <llm_maverick_v4> stayed within acceptable think time.
2025-11-11 12:16:04,732 [BombeRLeWorld] INFO: STARTING STEP 41
2025-11-11 12:16:04,745 [BombeRLeWorld] INFO: Agent <llm_maverick_v4> chose action DOWN in 0.01s.
2025-11-11 12:16:04,745 [BombeRLeWorld] INFO: Agent <llm_maverick_v4> stayed within acceptable think time.
2025-11-11 12:16:04,837 [BombeRLeWorld] INFO: STARTING STEP 42
2025-11-11 12:16:04,849 [BombeRLeWorld] INFO: Agent <llm_maverick_v4> chose action DOWN in 0.01s.
2025-11-11 12:16:04,849 [BombeRLeWorld] INFO: Agent <llm_maverick_v4> stayed within acceptable think time.
2025-11-11 12:16:04,849 [BombeRLeWorld] INFO: Agent <llm_maverick_v4>'s bomb at (11, 5) explodes
2025-11-11 12:16:04,941 [BombeRLeWorld] INFO: STARTING STEP 43
2025-11-11 12:16:04,947 [BombeRLeWorld] INFO: Agent <llm_maverick_v4> chose action RIGHT in 0.00s.
2025-11-11 12:16:04,947 [BombeRLeWorld] INFO: Agent <llm_maverick_v4> stayed within acceptable think time.
2025-11-11 12:16:04,947 [BombeRLeWorld] INFO: Agent <llm_maverick_v4> picked up coin at (14, 7) and receives 1 point
2025-11-11 12:16:05,046 [BombeRLeWorld] INFO: STARTING STEP 44
2025-11-11 12:16:05,055 [BombeRLeWorld] INFO: Agent <llm_maverick_v4> chose action LEFT in 0.01s.
2025-11-11 12:16:05,055 [BombeRLeWorld] INFO: Agent <llm_maverick_v4> stayed within acceptable think time.
2025-11-11 12:16:05,151 [BombeRLeWorld] INFO: STARTING STEP 45
2025-11-11 12:16:05,168 [BombeRLeWorld] INFO: Agent <llm_maverick_v4> chose action DOWN in 0.02s.
2025-11-11 12:16:05,168 [BombeRLeWorld] INFO: Agent <llm_maverick_v4> stayed within acceptable think time.
2025-11-11 12:16:05,257 [BombeRLeWorld] INFO: STARTING STEP 46
2025-11-11 12:16:05,270 [BombeRLeWorld] INFO: Agent <llm_maverick_v4> chose action DOWN in 0.01s.
2025-11-11 12:16:05,271 [BombeRLeWorld] INFO: Agent <llm_maverick_v4> stayed within acceptable think time.
2025-11-11 12:16:05,362 [BombeRLeWorld] INFO: STARTING STEP 47
2025-11-11 12:16:05,377 [BombeRLeWorld] INFO: Agent <llm_maverick_v4> chose action BOMB in 0.01s.
2025-11-11 12:16:05,377 [BombeRLeWorld] INFO: Agent <llm_maverick_v4> stayed within acceptable think time.
2025-11-11 12:16:05,377 [BombeRLeWorld] INFO: Agent <llm_maverick_v4> drops bomb at (13, 9)
2025-11-11 12:16:05,467 [BombeRLeWorld] INFO: STARTING STEP 48
2025-11-11 12:16:05,481 [BombeRLeWorld] INFO: Agent <llm_maverick_v4> chose action RIGHT in 0.01s.
2025-11-11 12:16:05,481 [BombeRLeWorld] INFO: Agent <llm_maverick_v4> stayed within acceptable think time.
2025-11-11 12:16:05,572 [BombeRLeWorld] INFO: STARTING STEP 49
2025-11-11 12:16:05,586 [BombeRLeWorld] INFO: Agent <llm_maverick_v4> chose action RIGHT in 0.01s.
2025-11-11 12:16:05,586 [BombeRLeWorld] INFO: Agent <llm_maverick_v4> stayed within acceptable think time.
2025-11-11 12:16:05,680 [BombeRLeWorld] INFO: STARTING STEP 50
2025-11-11 12:16:05,697 [BombeRLeWorld] INFO: Agent <llm_maverick_v4> chose action DOWN in 0.01s.
2025-11-11 12:16:05,697 [BombeRLeWorld] INFO: Agent <llm_maverick_v4> stayed within acceptable think time.
2025-11-11 12:16:05,785 [BombeRLeWorld] INFO: STARTING STEP 51
2025-11-11 12:16:05,791 [BombeRLeWorld] INFO: Agent <llm_maverick_v4> chose action WAIT in 0.00s.
2025-11-11 12:16:05,791 [BombeRLeWorld] INFO: Agent <llm_maverick_v4> stayed within acceptable think time.
2025-11-11 12:16:05,791 [BombeRLeWorld] INFO: Agent <llm_maverick_v4>'s bomb at (13, 9) explodes
2025-11-11 12:16:05,890 [BombeRLeWorld] INFO: STARTING STEP 52
2025-11-11 12:16:05,896 [BombeRLeWorld] INFO: Agent <llm_maverick_v4> chose action BOMB in 0.00s.
2025-11-11 12:16:05,896 [BombeRLeWorld] INFO: Agent <llm_maverick_v4> stayed within acceptable think time.
2025-11-11 12:16:05,896 [BombeRLeWorld] INFO: Agent <llm_maverick_v4> drops bomb at (15, 10)
2025-11-11 12:16:05,995 [BombeRLeWorld] INFO: STARTING STEP 53
2025-11-11 12:16:06,010 [BombeRLeWorld] INFO: Agent <llm_maverick_v4> chose action UP in 0.01s.
2025-11-11 12:16:06,010 [BombeRLeWorld] INFO: Agent <llm_maverick_v4> stayed within acceptable think time.
2025-11-11 12:16:06,100 [BombeRLeWorld] INFO: STARTING STEP 54
2025-11-11 12:16:07,508 [BombeRLeWorld] INFO: Agent <llm_maverick_v4> chose action LEFT in 1.41s.
2025-11-11 12:16:07,508 [BombeRLeWorld] INFO: Agent <llm_maverick_v4> stayed within acceptable think time.
2025-11-11 12:16:07,508 [BombeRLeWorld] INFO: STARTING STEP 55
2025-11-11 12:16:07,520 [BombeRLeWorld] INFO: Agent <llm_maverick_v4> chose action LEFT in 0.01s.
2025-11-11 12:16:07,521 [BombeRLeWorld] INFO: Agent <llm_maverick_v4> stayed within acceptable think time.
2025-11-11 12:16:07,613 [BombeRLeWorld] INFO: STARTING STEP 56
2025-11-11 12:16:07,629 [BombeRLeWorld] INFO: Agent <llm_maverick_v4> chose action LEFT in 0.01s.
2025-11-11 12:16:07,629 [BombeRLeWorld] INFO: Agent <llm_maverick_v4> stayed within acceptable think time.
2025-11-11 12:16:07,629 [BombeRLeWorld] INFO: Agent <llm_maverick_v4>'s bomb at (15, 10) explodes
2025-11-11 12:16:07,719 [BombeRLeWorld] INFO: STARTING STEP 57
2025-11-11 12:16:07,733 [BombeRLeWorld] INFO: Agent <llm_maverick_v4> chose action LEFT in 0.01s.
2025-11-11 12:16:07,733 [BombeRLeWorld] INFO: Agent <llm_maverick_v4> stayed within acceptable think time.
2025-11-11 12:16:07,824 [BombeRLeWorld] INFO: STARTING STEP 58
2025-11-11 12:16:07,841 [BombeRLeWorld] INFO: Agent <llm_maverick_v4> chose action BOMB in 0.02s.
2025-11-11 12:16:07,841 [BombeRLeWorld] INFO: Agent <llm_maverick_v4> stayed within acceptable think time.
2025-11-11 12:16:07,841 [BombeRLeWorld] INFO: Agent <llm_maverick_v4> drops bomb at (11, 9)
2025-11-11 12:16:07,929 [BombeRLeWorld] INFO: STARTING STEP 59
2025-11-11 12:16:07,951 [BombeRLeWorld] INFO: Agent <llm_maverick_v4> chose action RIGHT in 0.02s.
2025-11-11 12:16:07,951 [BombeRLeWorld] INFO: Agent <llm_maverick_v4> stayed within acceptable think time.
2025-11-11 12:16:08,030 [BombeRLeWorld] INFO: STARTING STEP 60
2025-11-11 12:16:08,045 [BombeRLeWorld] INFO: Agent <llm_maverick_v4> chose action RIGHT in 0.02s.
2025-11-11 12:16:08,045 [BombeRLeWorld] INFO: Agent <llm_maverick_v4> stayed within acceptable think time.
2025-11-11 12:16:08,135 [BombeRLeWorld] INFO: STARTING STEP 61
2025-11-11 12:16:08,152 [BombeRLeWorld] INFO: Agent <llm_maverick_v4> chose action DOWN in 0.02s.
2025-11-11 12:16:08,152 [BombeRLeWorld] INFO: Agent <llm_maverick_v4> stayed within acceptable think time.
2025-11-11 12:16:08,246 [BombeRLeWorld] INFO: STARTING STEP 62
2025-11-11 12:16:08,252 [BombeRLeWorld] INFO: Agent <llm_maverick_v4> chose action DOWN in 0.00s.
2025-11-11 12:16:08,252 [BombeRLeWorld] INFO: Agent <llm_maverick_v4> stayed within acceptable think time.
2025-11-11 12:16:08,252 [BombeRLeWorld] INFO: Agent <llm_maverick_v4>'s bomb at (11, 9) explodes
2025-11-11 12:16:08,351 [BombeRLeWorld] INFO: STARTING STEP 63
2025-11-11 12:16:08,357 [BombeRLeWorld] INFO: Agent <llm_maverick_v4> chose action BOMB in 0.01s.
2025-11-11 12:16:08,358 [BombeRLeWorld] INFO: Agent <llm_maverick_v4> stayed within acceptable think time.
2025-11-11 12:16:08,358 [BombeRLeWorld] INFO: Agent <llm_maverick_v4> drops bomb at (13, 11)
2025-11-11 12:16:08,456 [BombeRLeWorld] INFO: STARTING STEP 64
2025-11-11 12:16:08,479 [BombeRLeWorld] INFO: Agent <llm_maverick_v4> chose action UP in 0.02s.
2025-11-11 12:16:08,479 [BombeRLeWorld] INFO: Agent <llm_maverick_v4> stayed within acceptable think time.
2025-11-11 12:16:08,561 [BombeRLeWorld] INFO: STARTING STEP 65
2025-11-11 12:16:08,577 [BombeRLeWorld] INFO: Agent <llm_maverick_v4> chose action UP in 0.02s.
2025-11-11 12:16:08,577 [BombeRLeWorld] INFO: Agent <llm_maverick_v4> stayed within acceptable think time.
2025-11-11 12:16:08,666 [BombeRLeWorld] INFO: STARTING STEP 66
2025-11-11 12:16:08,685 [BombeRLeWorld] INFO: Agent <llm_maverick_v4> chose action LEFT in 0.02s.
2025-11-11 12:16:08,685 [BombeRLeWorld] INFO: Agent <llm_maverick_v4> stayed within acceptable think time.
2025-11-11 12:16:08,774 [BombeRLeWorld] INFO: STARTING STEP 67
2025-11-11 12:16:08,786 [BombeRLeWorld] INFO: Agent <llm_maverick_v4> chose action LEFT in 0.01s.
2025-11-11 12:16:08,786 [BombeRLeWorld] INFO: Agent <llm_maverick_v4> stayed within acceptable think time.
2025-11-11 12:16:08,787 [BombeRLeWorld] INFO: Agent <llm_maverick_v4>'s bomb at (13, 11) explodes
2025-11-11 12:16:08,787 [BombeRLeWorld] INFO: Coin found at (13, 14)
2025-11-11 12:16:08,880 [BombeRLeWorld] INFO: STARTING STEP 68
2025-11-11 12:16:08,895 [BombeRLeWorld] INFO: Agent <llm_maverick_v4> chose action LEFT in 0.01s.
2025-11-11 12:16:08,895 [BombeRLeWorld] INFO: Agent <llm_maverick_v4> stayed within acceptable think time.
2025-11-11 12:16:08,982 [BombeRLeWorld] INFO: STARTING STEP 69
2025-11-11 12:16:09,003 [BombeRLeWorld] INFO: Agent <llm_maverick_v4> chose action LEFT in 0.02s.
2025-11-11 12:16:09,003 [BombeRLeWorld] INFO: Agent <llm_maverick_v4> stayed within acceptable think time.
2025-11-11 12:16:09,087 [BombeRLeWorld] INFO: STARTING STEP 70
2025-11-11 12:16:09,102 [BombeRLeWorld] INFO: Agent <llm_maverick_v4> chose action BOMB in 0.02s.
2025-11-11 12:16:09,103 [BombeRLeWorld] INFO: Agent <llm_maverick_v4> stayed within acceptable think time.
2025-11-11 12:16:09,103 [BombeRLeWorld] INFO: Agent <llm_maverick_v4> drops bomb at (9, 9)
2025-11-11 12:16:09,192 [BombeRLeWorld] INFO: STARTING STEP 71
2025-11-11 12:16:09,212 [BombeRLeWorld] INFO: Agent <llm_maverick_v4> chose action RIGHT in 0.02s.
2025-11-11 12:16:09,212 [BombeRLeWorld] INFO: Agent <llm_maverick_v4> stayed within acceptable think time.
2025-11-11 12:16:09,298 [BombeRLeWorld] INFO: STARTING STEP 72
2025-11-11 12:16:09,315 [BombeRLeWorld] INFO: Agent <llm_maverick_v4> chose action RIGHT in 0.02s.
2025-11-11 12:16:09,315 [BombeRLeWorld] INFO: Agent <llm_maverick_v4> stayed within acceptable think time.
2025-11-11 12:16:09,403 [BombeRLeWorld] INFO: STARTING STEP 73
2025-11-11 12:16:09,421 [BombeRLeWorld] INFO: Agent <llm_maverick_v4> chose action DOWN in 0.02s.
2025-11-11 12:16:09,421 [BombeRLeWorld] INFO: Agent <llm_maverick_v4> stayed within acceptable think time.
2025-11-11 12:16:09,508 [BombeRLeWorld] INFO: STARTING STEP 74
2025-11-11 12:16:09,527 [BombeRLeWorld] INFO: Agent <llm_maverick_v4> chose action DOWN in 0.02s.
2025-11-11 12:16:09,527 [BombeRLeWorld] INFO: Agent <llm_maverick_v4> stayed within acceptable think time.
2025-11-11 12:16:09,527 [BombeRLeWorld] INFO: Agent <llm_maverick_v4>'s bomb at (9, 9) explodes
2025-11-11 12:16:09,613 [BombeRLeWorld] INFO: STARTING STEP 75
2025-11-11 12:16:09,629 [BombeRLeWorld] INFO: Agent <llm_maverick_v4> chose action RIGHT in 0.01s.
2025-11-11 12:16:09,629 [BombeRLeWorld] INFO: Agent <llm_maverick_v4> stayed within acceptable think time.
2025-11-11 12:16:09,718 [BombeRLeWorld] INFO: STARTING STEP 76
2025-11-11 12:16:09,737 [BombeRLeWorld] INFO: Agent <llm_maverick_v4> chose action RIGHT in 0.02s.
2025-11-11 12:16:09,737 [BombeRLeWorld] INFO: Agent <llm_maverick_v4> stayed within acceptable think time.
2025-11-11 12:16:09,823 [BombeRLeWorld] INFO: STARTING STEP 77
2025-11-11 12:16:09,839 [BombeRLeWorld] INFO: Agent <llm_maverick_v4> chose action DOWN in 0.02s.
2025-11-11 12:16:09,840 [BombeRLeWorld] INFO: Agent <llm_maverick_v4> stayed within acceptable think time.
2025-11-11 12:16:09,928 [BombeRLeWorld] INFO: STARTING STEP 78
2025-11-11 12:16:09,937 [BombeRLeWorld] INFO: Agent <llm_maverick_v4> chose action DOWN in 0.01s.
2025-11-11 12:16:09,937 [BombeRLeWorld] INFO: Agent <llm_maverick_v4> stayed within acceptable think time.
2025-11-11 12:16:10,033 [BombeRLeWorld] INFO: STARTING STEP 79
2025-11-11 12:16:10,047 [BombeRLeWorld] INFO: Agent <llm_maverick_v4> chose action BOMB in 0.01s.
2025-11-11 12:16:10,047 [BombeRLeWorld] INFO: Agent <llm_maverick_v4> stayed within acceptable think time.
2025-11-11 12:16:10,047 [BombeRLeWorld] INFO: Agent <llm_maverick_v4> drops bomb at (13, 13)
2025-11-11 12:16:10,138 [BombeRLeWorld] INFO: STARTING STEP 80
2025-11-11 12:16:10,153 [BombeRLeWorld] INFO: Agent <llm_maverick_v4> chose action UP in 0.01s.
2025-11-11 12:16:10,153 [BombeRLeWorld] INFO: Agent <llm_maverick_v4> stayed within acceptable think time.
2025-11-11 12:16:10,241 [BombeRLeWorld] INFO: STARTING STEP 81
2025-11-11 12:16:10,261 [BombeRLeWorld] INFO: Agent <llm_maverick_v4> chose action UP in 0.02s.
2025-11-11 12:16:10,261 [BombeRLeWorld] INFO: Agent <llm_maverick_v4> stayed within acceptable think time.
2025-11-11 12:16:10,346 [BombeRLeWorld] INFO: STARTING STEP 82
2025-11-11 12:16:10,362 [BombeRLeWorld] INFO: Agent <llm_maverick_v4> chose action BOMB in 0.02s.
2025-11-11 12:16:10,362 [BombeRLeWorld] INFO: Agent <llm_maverick_v4> stayed within acceptable think time.
2025-11-11 12:16:10,451 [BombeRLeWorld] INFO: STARTING STEP 83
2025-11-11 12:16:10,468 [BombeRLeWorld] INFO: Agent <llm_maverick_v4> chose action RIGHT in 0.02s.
2025-11-11 12:16:10,468 [BombeRLeWorld] INFO: Agent <llm_maverick_v4> stayed within acceptable think time.
2025-11-11 12:16:10,468 [BombeRLeWorld] INFO: Agent <llm_maverick_v4>'s bomb at (13, 13) explodes
2025-11-11 12:16:10,556 [BombeRLeWorld] INFO: STARTING STEP 84
2025-11-11 12:16:10,570 [BombeRLeWorld] INFO: Agent <llm_maverick_v4> chose action DOWN in 0.01s.
2025-11-11 12:16:10,570 [BombeRLeWorld] INFO: Agent <llm_maverick_v4> stayed within acceptable think time.
2025-11-11 12:16:10,657 [BombeRLeWorld] INFO: STARTING STEP 85
2025-11-11 12:16:10,675 [BombeRLeWorld] INFO: Agent <llm_maverick_v4> chose action LEFT in 0.02s.
2025-11-11 12:16:10,675 [BombeRLeWorld] INFO: Agent <llm_maverick_v4> stayed within acceptable think time.
2025-11-11 12:16:10,762 [BombeRLeWorld] INFO: STARTING STEP 86
2025-11-11 12:16:11,842 [BombeRLeWorld] INFO: Agent <llm_maverick_v4> chose action DOWN in 1.08s.
2025-11-11 12:16:11,842 [BombeRLeWorld] INFO: Agent <llm_maverick_v4> stayed within acceptable think time.
2025-11-11 12:16:11,842 [BombeRLeWorld] INFO: STARTING STEP 87
2025-11-11 12:16:11,857 [BombeRLeWorld] INFO: Agent <llm_maverick_v4> chose action DOWN in 0.02s.
2025-11-11 12:16:11,857 [BombeRLeWorld] INFO: Agent <llm_maverick_v4> stayed within acceptable think time.
2025-11-11 12:16:11,947 [BombeRLeWorld] INFO: STARTING STEP 88
2025-11-11 12:16:11,966 [BombeRLeWorld] INFO: Agent <llm_maverick_v4> chose action DOWN in 0.02s.
2025-11-11 12:16:11,966 [BombeRLeWorld] INFO: Agent <llm_maverick_v4> stayed within acceptable think time.
2025-11-11 12:16:11,966 [BombeRLeWorld] INFO: Agent <llm_maverick_v4> picked up coin at (13, 14) and receives 1 point
2025-11-11 12:16:12,052 [BombeRLeWorld] INFO: STARTING STEP 89
2025-11-11 12:16:12,075 [BombeRLeWorld] INFO: Agent <llm_maverick_v4> chose action DOWN in 0.02s.
2025-11-11 12:16:12,075 [BombeRLeWorld] INFO: Agent <llm_maverick_v4> stayed within acceptable think time.
2025-11-11 12:16:12,157 [BombeRLeWorld] INFO: STARTING STEP 90
2025-11-11 12:16:12,173 [BombeRLeWorld] INFO: Agent <llm_maverick_v4> chose action BOMB in 0.02s.
2025-11-11 12:16:12,173 [BombeRLeWorld] INFO: Agent <llm_maverick_v4> stayed within acceptable think time.
2025-11-11 12:16:12,173 [BombeRLeWorld] INFO: Agent <llm_maverick_v4> drops bomb at (13, 15)
2025-11-11 12:16:12,262 [BombeRLeWorld] INFO: STARTING STEP 91
2025-11-11 12:16:12,282 [BombeRLeWorld] INFO: Agent <llm_maverick_v4> chose action UP in 0.02s.
2025-11-11 12:16:12,282 [BombeRLeWorld] INFO: Agent <llm_maverick_v4> stayed within acceptable think time.
2025-11-11 12:16:12,367 [BombeRLeWorld] INFO: STARTING STEP 92
2025-11-11 12:16:12,383 [BombeRLeWorld] INFO: Agent <llm_maverick_v4> chose action UP in 0.02s.
2025-11-11 12:16:12,383 [BombeRLeWorld] INFO: Agent <llm_maverick_v4> stayed within acceptable think time.
2025-11-11 12:16:12,472 [BombeRLeWorld] INFO: STARTING STEP 93
2025-11-11 12:16:12,492 [BombeRLeWorld] INFO: Agent <llm_maverick_v4> chose action LEFT in 0.02s.
2025-11-11 12:16:12,492 [BombeRLeWorld] INFO: Agent <llm_maverick_v4> stayed within acceptable think time.
2025-11-11 12:16:12,581 [BombeRLeWorld] INFO: STARTING STEP 94
2025-11-11 12:16:12,597 [BombeRLeWorld] INFO: Agent <llm_maverick_v4> chose action LEFT in 0.01s.
2025-11-11 12:16:12,597 [BombeRLeWorld] INFO: Agent <llm_maverick_v4> stayed within acceptable think time.
2025-11-11 12:16:12,597 [BombeRLeWorld] INFO: Agent <llm_maverick_v4>'s bomb at (13, 15) explodes
2025-11-11 12:16:12,686 [BombeRLeWorld] INFO: STARTING STEP 95
2025-11-11 12:16:12,702 [BombeRLeWorld] INFO: Agent <llm_maverick_v4> chose action BOMB in 0.02s.
2025-11-11 12:16:12,703 [BombeRLeWorld] INFO: Agent <llm_maverick_v4> stayed within acceptable think time.
2025-11-11 12:16:12,703 [BombeRLeWorld] INFO: Agent <llm_maverick_v4> drops bomb at (11, 13)
2025-11-11 12:16:12,791 [BombeRLeWorld] INFO: STARTING STEP 96
2025-11-11 12:16:12,816 [BombeRLeWorld] INFO: Agent <llm_maverick_v4> chose action RIGHT in 0.02s.
2025-11-11 12:16:12,816 [BombeRLeWorld] INFO: Agent <llm_maverick_v4> stayed within acceptable think time.
2025-11-11 12:16:12,896 [BombeRLeWorld] INFO: STARTING STEP 97
2025-11-11 12:16:12,912 [BombeRLeWorld] INFO: Agent <llm_maverick_v4> chose action RIGHT in 0.02s.
2025-11-11 12:16:12,912 [BombeRLeWorld] INFO: Agent <llm_maverick_v4> stayed within acceptable think time.
2025-11-11 12:16:12,999 [BombeRLeWorld] INFO: STARTING STEP 98
2025-11-11 12:16:13,020 [BombeRLeWorld] INFO: Agent <llm_maverick_v4> chose action DOWN in 0.02s.
2025-11-11 12:16:13,020 [BombeRLeWorld] INFO: Agent <llm_maverick_v4> stayed within acceptable think time.
2025-11-11 12:16:13,107 [BombeRLeWorld] INFO: STARTING STEP 99
2025-11-11 12:16:13,122 [BombeRLeWorld] INFO: Agent <llm_maverick_v4> chose action DOWN in 0.01s.
2025-11-11 12:16:13,122 [BombeRLeWorld] INFO: Agent <llm_maverick_v4> stayed within acceptable think time.
2025-11-11 12:16:13,122 [BombeRLeWorld] INFO: Agent <llm_maverick_v4>'s bomb at (11, 13) explodes
2025-11-11 12:16:13,212 [BombeRLeWorld] INFO: STARTING STEP 100
2025-11-11 12:16:13,229 [BombeRLeWorld] INFO: Agent <llm_maverick_v4> chose action LEFT in 0.02s.
2025-11-11 12:16:13,229 [BombeRLeWorld] INFO: Agent <llm_maverick_v4> stayed within acceptable think time.
2025-11-11 12:16:13,317 [BombeRLeWorld] INFO: STARTING STEP 101
2025-11-11 12:16:13,339 [BombeRLeWorld] INFO: Agent <llm_maverick_v4> chose action LEFT in 0.02s.
2025-11-11 12:16:13,339 [BombeRLeWorld] INFO: Agent <llm_maverick_v4> stayed within acceptable think time.
2025-11-11 12:16:13,422 [BombeRLeWorld] INFO: STARTING STEP 102
2025-11-11 12:16:13,438 [BombeRLeWorld] INFO: Agent <llm_maverick_v4> chose action LEFT in 0.02s.
2025-11-11 12:16:13,438 [BombeRLeWorld] INFO: Agent <llm_maverick_v4> stayed within acceptable think time.
2025-11-11 12:16:13,527 [BombeRLeWorld] INFO: STARTING STEP 103
2025-11-11 12:16:13,545 [BombeRLeWorld] INFO: Agent <llm_maverick_v4> chose action BOMB in 0.02s.
2025-11-11 12:16:13,545 [BombeRLeWorld] INFO: Agent <llm_maverick_v4> stayed within acceptable think time.
2025-11-11 12:16:13,545 [BombeRLeWorld] INFO: Agent <llm_maverick_v4> drops bomb at (10, 15)
2025-11-11 12:16:13,632 [BombeRLeWorld] INFO: STARTING STEP 104
2025-11-11 12:16:13,648 [BombeRLeWorld] INFO: Agent <llm_maverick_v4> chose action RIGHT in 0.02s.
2025-11-11 12:16:13,648 [BombeRLeWorld] INFO: Agent <llm_maverick_v4> stayed within acceptable think time.
2025-11-11 12:16:13,737 [BombeRLeWorld] INFO: STARTING STEP 105
2025-11-11 12:16:13,756 [BombeRLeWorld] INFO: Agent <llm_maverick_v4> chose action RIGHT in 0.02s.
2025-11-11 12:16:13,756 [BombeRLeWorld] INFO: Agent <llm_maverick_v4> stayed within acceptable think time.
2025-11-11 12:16:13,848 [BombeRLeWorld] INFO: STARTING STEP 106
2025-11-11 12:16:13,865 [BombeRLeWorld] INFO: Agent <llm_maverick_v4> chose action LEFT in 0.02s.
2025-11-11 12:16:13,865 [BombeRLeWorld] INFO: Agent <llm_maverick_v4> stayed within acceptable think time.
2025-11-11 12:16:13,953 [BombeRLeWorld] INFO: STARTING STEP 107
2025-11-11 12:16:13,969 [BombeRLeWorld] INFO: Agent <llm_maverick_v4> chose action UP in 0.02s.
2025-11-11 12:16:13,970 [BombeRLeWorld] INFO: Agent <llm_maverick_v4> stayed within acceptable think time.
2025-11-11 12:16:13,970 [BombeRLeWorld] INFO: Agent <llm_maverick_v4>'s bomb at (10, 15) explodes
2025-11-11 12:16:13,970 [BombeRLeWorld] INFO: Coin found at (7, 15)
2025-11-11 12:16:14,058 [BombeRLeWorld] INFO: STARTING STEP 108
2025-11-11 12:16:14,081 [BombeRLeWorld] INFO: Agent <llm_maverick_v4> chose action UP in 0.02s.
2025-11-11 12:16:14,081 [BombeRLeWorld] INFO: Agent <llm_maverick_v4> stayed within acceptable think time.
2025-11-11 12:16:14,163 [BombeRLeWorld] INFO: STARTING STEP 109
2025-11-11 12:16:14,180 [BombeRLeWorld] INFO: Agent <llm_maverick_v4> chose action LEFT in 0.02s.
2025-11-11 12:16:14,180 [BombeRLeWorld] INFO: Agent <llm_maverick_v4> stayed within acceptable think time.
2025-11-11 12:16:14,269 [BombeRLeWorld] INFO: STARTING STEP 110
2025-11-11 12:16:14,288 [BombeRLeWorld] INFO: Agent <llm_maverick_v4> chose action LEFT in 0.02s.
2025-11-11 12:16:14,288 [BombeRLeWorld] INFO: Agent <llm_maverick_v4> stayed within acceptable think time.
2025-11-11 12:16:14,374 [BombeRLeWorld] INFO: STARTING STEP 111
2025-11-11 12:16:14,391 [BombeRLeWorld] INFO: Agent <llm_maverick_v4> chose action BOMB in 0.02s.
2025-11-11 12:16:14,393 [BombeRLeWorld] INFO: Agent <llm_maverick_v4> stayed within acceptable think time.
2025-11-11 12:16:14,393 [BombeRLeWorld] INFO: Agent <llm_maverick_v4> drops bomb at (9, 13)
2025-11-11 12:16:14,479 [BombeRLeWorld] INFO: STARTING STEP 112
2025-11-11 12:16:14,498 [BombeRLeWorld] INFO: Agent <llm_maverick_v4> chose action RIGHT in 0.02s.
2025-11-11 12:16:14,498 [BombeRLeWorld] INFO: Agent <llm_maverick_v4> stayed within acceptable think time.
2025-11-11 12:16:14,584 [BombeRLeWorld] INFO: STARTING STEP 113
2025-11-11 12:16:14,609 [BombeRLeWorld] INFO: Agent <llm_maverick_v4> chose action RIGHT in 0.02s.
2025-11-11 12:16:14,609 [BombeRLeWorld] INFO: Agent <llm_maverick_v4> stayed within acceptable think time.
2025-11-11 12:16:14,689 [BombeRLeWorld] INFO: STARTING STEP 114
2025-11-11 12:16:14,706 [BombeRLeWorld] INFO: Agent <llm_maverick_v4> chose action DOWN in 0.02s.
2025-11-11 12:16:14,706 [BombeRLeWorld] INFO: Agent <llm_maverick_v4> stayed within acceptable think time.
2025-11-11 12:16:14,794 [BombeRLeWorld] INFO: STARTING STEP 115
2025-11-11 12:16:14,810 [BombeRLeWorld] INFO: Agent <llm_maverick_v4> chose action DOWN in 0.02s.
2025-11-11 12:16:14,810 [BombeRLeWorld] INFO: Agent <llm_maverick_v4> stayed within acceptable think time.
2025-11-11 12:16:14,810 [BombeRLeWorld] INFO: Agent <llm_maverick_v4>'s bomb at (9, 13) explodes
2025-11-11 12:16:14,899 [BombeRLeWorld] INFO: STARTING STEP 116
2025-11-11 12:16:14,912 [BombeRLeWorld] INFO: Agent <llm_maverick_v4> chose action LEFT in 0.01s.
2025-11-11 12:16:14,912 [BombeRLeWorld] INFO: Agent <llm_maverick_v4> stayed within acceptable think time.
2025-11-11 12:16:15,004 [BombeRLeWorld] INFO: STARTING STEP 117
2025-11-11 12:16:15,014 [BombeRLeWorld] INFO: Agent <llm_maverick_v4> chose action LEFT in 0.01s.
2025-11-11 12:16:15,014 [BombeRLeWorld] INFO: Agent <llm_maverick_v4> stayed within acceptable think time.
2025-11-11 12:16:15,109 [BombeRLeWorld] INFO: STARTING STEP 118
2025-11-11 12:16:15,122 [BombeRLeWorld] INFO: Agent <llm_maverick_v4> chose action LEFT in 0.01s.
2025-11-11 12:16:15,122 [BombeRLeWorld] INFO: Agent <llm_maverick_v4> stayed within acceptable think time.
2025-11-11 12:16:15,214 [BombeRLeWorld] INFO: STARTING STEP 119
2025-11-11 12:16:15,230 [BombeRLeWorld] INFO: Agent <llm_maverick_v4> chose action LEFT in 0.02s.
2025-11-11 12:16:15,230 [BombeRLeWorld] INFO: Agent <llm_maverick_v4> stayed within acceptable think time.
2025-11-11 12:16:15,230 [BombeRLeWorld] INFO: Agent <llm_maverick_v4> picked up coin at (7, 15) and receives 1 point
2025-11-11 12:16:15,320 [BombeRLeWorld] INFO: STARTING STEP 120
2025-11-11 12:16:15,336 [BombeRLeWorld] INFO: Agent <llm_maverick_v4> chose action BOMB in 0.02s.
2025-11-11 12:16:15,336 [BombeRLeWorld] INFO: Agent <llm_maverick_v4> stayed within acceptable think time.
2025-11-11 12:16:15,336 [BombeRLeWorld] INFO: Agent <llm_maverick_v4> drops bomb at (7, 15)
2025-11-11 12:16:15,425 [BombeRLeWorld] INFO: STARTING STEP 121
2025-11-11 12:16:15,445 [BombeRLeWorld] INFO: Agent <llm_maverick_v4> chose action RIGHT in 0.02s.
2025-11-11 12:16:15,445 [BombeRLeWorld] INFO: Agent <llm_maverick_v4> stayed within acceptable think time.
2025-11-11 12:16:15,530 [BombeRLeWorld] INFO: STARTING STEP 122
2025-11-11 12:16:15,554 [BombeRLeWorld] INFO: Agent <llm_maverick_v4> chose action RIGHT in 0.02s.
2025-11-11 12:16:15,554 [BombeRLeWorld] INFO: Agent <llm_maverick_v4> stayed within acceptable think time.
2025-11-11 12:16:15,632 [BombeRLeWorld] INFO: STARTING STEP 123
2025-11-11 12:16:15,650 [BombeRLeWorld] INFO: Agent <llm_maverick_v4> chose action UP in 0.02s.
2025-11-11 12:16:15,650 [BombeRLeWorld] INFO: Agent <llm_maverick_v4> stayed within acceptable think time.
2025-11-11 12:16:15,737 [BombeRLeWorld] INFO: STARTING STEP 124
2025-11-11 12:16:15,754 [BombeRLeWorld] INFO: Agent <llm_maverick_v4> chose action UP in 0.02s.
2025-11-11 12:16:15,754 [BombeRLeWorld] INFO: Agent <llm_maverick_v4> stayed within acceptable think time.
2025-11-11 12:16:15,754 [BombeRLeWorld] INFO: Agent <llm_maverick_v4>'s bomb at (7, 15) explodes
2025-11-11 12:16:15,839 [BombeRLeWorld] INFO: STARTING STEP 125
2025-11-11 12:16:15,858 [BombeRLeWorld] INFO: Agent <llm_maverick_v4> chose action LEFT in 0.01s.
2025-11-11 12:16:15,858 [BombeRLeWorld] INFO: Agent <llm_maverick_v4> stayed within acceptable think time.
2025-11-11 12:16:15,944 [BombeRLeWorld] INFO: STARTING STEP 126
2025-11-11 12:16:15,962 [BombeRLeWorld] INFO: Agent <llm_maverick_v4> chose action LEFT in 0.02s.
2025-11-11 12:16:15,962 [BombeRLeWorld] INFO: Agent <llm_maverick_v4> stayed within acceptable think time.
2025-11-11 12:16:16,044 [BombeRLeWorld] INFO: STARTING STEP 127
2025-11-11 12:16:16,062 [BombeRLeWorld] INFO: Agent <llm_maverick_v4> chose action LEFT in 0.02s.
2025-11-11 12:16:16,062 [BombeRLeWorld] INFO: Agent <llm_maverick_v4> stayed within acceptable think time.
2025-11-11 12:16:16,149 [BombeRLeWorld] INFO: STARTING STEP 128
2025-11-11 12:16:16,163 [BombeRLeWorld] INFO: Agent <llm_maverick_v4> chose action BOMB in 0.01s.
2025-11-11 12:16:16,163 [BombeRLeWorld] INFO: Agent <llm_maverick_v4> stayed within acceptable think time.
2025-11-11 12:16:16,163 [BombeRLeWorld] INFO: Agent <llm_maverick_v4> drops bomb at (6, 13)
2025-11-11 12:16:16,254 [BombeRLeWorld] INFO: STARTING STEP 129
2025-11-11 12:16:16,272 [BombeRLeWorld] INFO: Agent <llm_maverick_v4> chose action RIGHT in 0.02s.
2025-11-11 12:16:16,272 [BombeRLeWorld] INFO: Agent <llm_maverick_v4> stayed within acceptable think time.
2025-11-11 12:16:16,364 [BombeRLeWorld] INFO: STARTING STEP 130
2025-11-11 12:16:16,383 [BombeRLeWorld] INFO: Agent <llm_maverick_v4> chose action UP in 0.02s.
2025-11-11 12:16:16,383 [BombeRLeWorld] INFO: Agent <llm_maverick_v4> stayed within acceptable think time.
2025-11-11 12:16:16,469 [BombeRLeWorld] INFO: STARTING STEP 131
2025-11-11 12:16:16,485 [BombeRLeWorld] INFO: Agent <llm_maverick_v4> chose action WAIT in 0.01s.
2025-11-11 12:16:16,485 [BombeRLeWorld] INFO: Agent <llm_maverick_v4> stayed within acceptable think time.
2025-11-11 12:16:16,574 [BombeRLeWorld] INFO: STARTING STEP 132
2025-11-11 12:16:16,580 [BombeRLeWorld] INFO: Agent <llm_maverick_v4> chose action WAIT in 0.01s.
2025-11-11 12:16:16,580 [BombeRLeWorld] INFO: Agent <llm_maverick_v4> stayed within acceptable think time.
2025-11-11 12:16:16,580 [BombeRLeWorld] INFO: Agent <llm_maverick_v4>'s bomb at (6, 13) explodes
2025-11-11 12:16:16,679 [BombeRLeWorld] INFO: STARTING STEP 133
2025-11-11 12:16:16,686 [BombeRLeWorld] INFO: Agent <llm_maverick_v4> chose action BOMB in 0.01s.
2025-11-11 12:16:16,686 [BombeRLeWorld] INFO: Agent <llm_maverick_v4> stayed within acceptable think time.
2025-11-11 12:16:16,686 [BombeRLeWorld] INFO: Agent <llm_maverick_v4> drops bomb at (7, 12)
2025-11-11 12:16:16,784 [BombeRLeWorld] INFO: STARTING STEP 134
2025-11-11 12:16:17,916 [BombeRLeWorld] INFO: Agent <llm_maverick_v4> chose action DOWN in 1.13s.
2025-11-11 12:16:17,916 [BombeRLeWorld] INFO: Agent <llm_maverick_v4> stayed within acceptable think time.
2025-11-11 12:16:17,916 [BombeRLeWorld] INFO: STARTING STEP 135
2025-11-11 12:16:19,032 [BombeRLeWorld] INFO: Agent <llm_maverick_v4> chose action RIGHT in 1.12s.
2025-11-11 12:16:19,033 [BombeRLeWorld] INFO: Agent <llm_maverick_v4> stayed within acceptable think time.
2025-11-11 12:16:19,033 [BombeRLeWorld] INFO: STARTING STEP 136
2025-11-11 12:16:19,049 [BombeRLeWorld] INFO: Agent <llm_maverick_v4> chose action RIGHT in 0.02s.
2025-11-11 12:16:19,049 [BombeRLeWorld] INFO: Agent <llm_maverick_v4> stayed within acceptable think time.
2025-11-11 12:16:19,138 [BombeRLeWorld] INFO: STARTING STEP 137
2025-11-11 12:16:19,153 [BombeRLeWorld] INFO: Agent <llm_maverick_v4> chose action LEFT in 0.01s.
2025-11-11 12:16:19,153 [BombeRLeWorld] INFO: Agent <llm_maverick_v4> stayed within acceptable think time.
2025-11-11 12:16:19,153 [BombeRLeWorld] INFO: Agent <llm_maverick_v4>'s bomb at (7, 12) explodes
2025-11-11 12:16:19,243 [BombeRLeWorld] INFO: STARTING STEP 138
2025-11-11 12:16:19,260 [BombeRLeWorld] INFO: Agent <llm_maverick_v4> chose action WAIT in 0.02s.
2025-11-11 12:16:19,260 [BombeRLeWorld] INFO: Agent <llm_maverick_v4> stayed within acceptable think time.
2025-11-11 12:16:19,348 [BombeRLeWorld] INFO: STARTING STEP 139
2025-11-11 12:16:19,370 [BombeRLeWorld] INFO: Agent <llm_maverick_v4> chose action LEFT in 0.02s.
2025-11-11 12:16:19,370 [BombeRLeWorld] INFO: Agent <llm_maverick_v4> stayed within acceptable think time.
2025-11-11 12:16:19,449 [BombeRLeWorld] INFO: STARTING STEP 140
2025-11-11 12:16:19,466 [BombeRLeWorld] INFO: Agent <llm_maverick_v4> chose action LEFT in 0.02s.
2025-11-11 12:16:19,466 [BombeRLeWorld] INFO: Agent <llm_maverick_v4> stayed within acceptable think time.
2025-11-11 12:16:19,554 [BombeRLeWorld] INFO: STARTING STEP 141
2025-11-11 12:16:19,571 [BombeRLeWorld] INFO: Agent <llm_maverick_v4> chose action LEFT in 0.02s.
2025-11-11 12:16:19,571 [BombeRLeWorld] INFO: Agent <llm_maverick_v4> stayed within acceptable think time.
2025-11-11 12:16:19,660 [BombeRLeWorld] INFO: STARTING STEP 142
2025-11-11 12:16:19,676 [BombeRLeWorld] INFO: Agent <llm_maverick_v4> chose action BOMB in 0.01s.
2025-11-11 12:16:19,676 [BombeRLeWorld] INFO: Agent <llm_maverick_v4> stayed within acceptable think time.
2025-11-11 12:16:19,676 [BombeRLeWorld] INFO: Agent <llm_maverick_v4> drops bomb at (5, 13)
2025-11-11 12:16:19,766 [BombeRLeWorld] INFO: STARTING STEP 143
2025-11-11 12:16:19,785 [BombeRLeWorld] INFO: Agent <llm_maverick_v4> chose action RIGHT in 0.02s.
2025-11-11 12:16:19,785 [BombeRLeWorld] INFO: Agent <llm_maverick_v4> stayed within acceptable think time.
2025-11-11 12:16:19,871 [BombeRLeWorld] INFO: STARTING STEP 144
2025-11-11 12:16:19,893 [BombeRLeWorld] INFO: Agent <llm_maverick_v4> chose action RIGHT in 0.02s.
2025-11-11 12:16:19,893 [BombeRLeWorld] INFO: Agent <llm_maverick_v4> stayed within acceptable think time.
2025-11-11 12:16:19,976 [BombeRLeWorld] INFO: STARTING STEP 145
2025-11-11 12:16:19,984 [BombeRLeWorld] INFO: Agent <llm_maverick_v4> chose action UP in 0.01s.
2025-11-11 12:16:19,984 [BombeRLeWorld] INFO: Agent <llm_maverick_v4> stayed within acceptable think time.
2025-11-11 12:16:20,081 [BombeRLeWorld] INFO: STARTING STEP 146
2025-11-11 12:16:20,091 [BombeRLeWorld] INFO: Agent <llm_maverick_v4> chose action UP in 0.01s.
2025-11-11 12:16:20,091 [BombeRLeWorld] INFO: Agent <llm_maverick_v4> stayed within acceptable think time.
2025-11-11 12:16:20,091 [BombeRLeWorld] INFO: Agent <llm_maverick_v4>'s bomb at (5, 13) explodes
2025-11-11 12:16:20,186 [BombeRLeWorld] INFO: STARTING STEP 147
2025-11-11 12:16:20,199 [BombeRLeWorld] INFO: Agent <llm_maverick_v4> chose action BOMB in 0.01s.
2025-11-11 12:16:20,199 [BombeRLeWorld] INFO: Agent <llm_maverick_v4> stayed within acceptable think time.
2025-11-11 12:16:20,199 [BombeRLeWorld] INFO: Agent <llm_maverick_v4> drops bomb at (7, 11)
2025-11-11 12:16:20,291 [BombeRLeWorld] INFO: STARTING STEP 148
2025-11-11 12:16:20,311 [BombeRLeWorld] INFO: Agent <llm_maverick_v4> chose action DOWN in 0.02s.
2025-11-11 12:16:20,311 [BombeRLeWorld] INFO: Agent <llm_maverick_v4> stayed within acceptable think time.
2025-11-11 12:16:20,396 [BombeRLeWorld] INFO: STARTING STEP 149
2025-11-11 12:16:20,412 [BombeRLeWorld] INFO: Agent <llm_maverick_v4> chose action DOWN in 0.02s.
2025-11-11 12:16:20,412 [BombeRLeWorld] INFO: Agent <llm_maverick_v4> stayed within acceptable think time.
2025-11-11 12:16:20,499 [BombeRLeWorld] INFO: STARTING STEP 150
2025-11-11 12:16:20,520 [BombeRLeWorld] INFO: Agent <llm_maverick_v4> chose action LEFT in 0.02s.
2025-11-11 12:16:20,520 [BombeRLeWorld] INFO: Agent <llm_maverick_v4> stayed within acceptable think time.
2025-11-11 12:16:20,604 [BombeRLeWorld] INFO: STARTING STEP 151
2025-11-11 12:16:20,626 [BombeRLeWorld] INFO: Agent <llm_maverick_v4> chose action LEFT in 0.02s.
2025-11-11 12:16:20,626 [BombeRLeWorld] INFO: Agent <llm_maverick_v4> stayed within acceptable think time.
2025-11-11 12:16:20,626 [BombeRLeWorld] INFO: Agent <llm_maverick_v4>'s bomb at (7, 11) explodes
2025-11-11 12:16:20,709 [BombeRLeWorld] INFO: STARTING STEP 152
2025-11-11 12:16:20,724 [BombeRLeWorld] INFO: Agent <llm_maverick_v4> chose action LEFT in 0.01s.
2025-11-11 12:16:20,724 [BombeRLeWorld] INFO: Agent <llm_maverick_v4> stayed within acceptable think time.
2025-11-11 12:16:20,815 [BombeRLeWorld] INFO: STARTING STEP 153
2025-11-11 12:16:20,833 [BombeRLeWorld] INFO: Agent <llm_maverick_v4> chose action LEFT in 0.02s.
2025-11-11 12:16:20,833 [BombeRLeWorld] INFO: Agent <llm_maverick_v4> stayed within acceptable think time.
2025-11-11 12:16:20,920 [BombeRLeWorld] INFO: STARTING STEP 154
2025-11-11 12:16:20,933 [BombeRLeWorld] INFO: Agent <llm_maverick_v4> chose action BOMB in 0.01s.
2025-11-11 12:16:20,933 [BombeRLeWorld] INFO: Agent <llm_maverick_v4> stayed within acceptable think time.
2025-11-11 12:16:20,933 [BombeRLeWorld] INFO: Agent <llm_maverick_v4> drops bomb at (3, 13)
2025-11-11 12:16:21,025 [BombeRLeWorld] INFO: STARTING STEP 155
2025-11-11 12:16:21,044 [BombeRLeWorld] INFO: Agent <llm_maverick_v4> chose action RIGHT in 0.02s.
2025-11-11 12:16:21,044 [BombeRLeWorld] INFO: Agent <llm_maverick_v4> stayed within acceptable think time.
2025-11-11 12:16:21,130 [BombeRLeWorld] INFO: STARTING STEP 156
2025-11-11 12:16:21,146 [BombeRLeWorld] INFO: Agent <llm_maverick_v4> chose action RIGHT in 0.02s.
2025-11-11 12:16:21,146 [BombeRLeWorld] INFO: Agent <llm_maverick_v4> stayed within acceptable think time.
2025-11-11 12:16:21,232 [BombeRLeWorld] INFO: STARTING STEP 157
2025-11-11 12:16:21,248 [BombeRLeWorld] INFO: Agent <llm_maverick_v4> chose action UP in 0.02s.
2025-11-11 12:16:21,248 [BombeRLeWorld] INFO: Agent <llm_maverick_v4> stayed within acceptable think time.
2025-11-11 12:16:21,337 [BombeRLeWorld] INFO: STARTING STEP 158
2025-11-11 12:16:21,359 [BombeRLeWorld] INFO: Agent <llm_maverick_v4> chose action UP in 0.02s.
2025-11-11 12:16:21,359 [BombeRLeWorld] INFO: Agent <llm_maverick_v4> stayed within acceptable think time.
2025-11-11 12:16:21,359 [BombeRLeWorld] INFO: Agent <llm_maverick_v4>'s bomb at (3, 13) explodes
2025-11-11 12:16:21,442 [BombeRLeWorld] INFO: STARTING STEP 159
2025-11-11 12:16:21,458 [BombeRLeWorld] INFO: Agent <llm_maverick_v4> chose action UP in 0.02s.
2025-11-11 12:16:21,458 [BombeRLeWorld] INFO: Agent <llm_maverick_v4> stayed within acceptable think time.
2025-11-11 12:16:21,547 [BombeRLeWorld] INFO: STARTING STEP 160
2025-11-11 12:16:21,566 [BombeRLeWorld] INFO: Agent <llm_maverick_v4> chose action BOMB in 0.02s.
2025-11-11 12:16:21,566 [BombeRLeWorld] INFO: Agent <llm_maverick_v4> stayed within acceptable think time.
2025-11-11 12:16:21,566 [BombeRLeWorld] INFO: Agent <llm_maverick_v4> drops bomb at (5, 10)
2025-11-11 12:16:21,652 [BombeRLeWorld] INFO: STARTING STEP 161
2025-11-11 12:16:21,670 [BombeRLeWorld] INFO: Agent <llm_maverick_v4> chose action DOWN in 0.02s.
2025-11-11 12:16:21,670 [BombeRLeWorld] INFO: Agent <llm_maverick_v4> stayed within acceptable think time.
2025-11-11 12:16:21,757 [BombeRLeWorld] INFO: STARTING STEP 162
2025-11-11 12:16:21,775 [BombeRLeWorld] INFO: Agent <llm_maverick_v4> chose action DOWN in 0.02s.
2025-11-11 12:16:21,775 [BombeRLeWorld] INFO: Agent <llm_maverick_v4> stayed within acceptable think time.
2025-11-11 12:16:21,862 [BombeRLeWorld] INFO: STARTING STEP 163
2025-11-11 12:16:21,878 [BombeRLeWorld] INFO: Agent <llm_maverick_v4> chose action DOWN in 0.02s.
2025-11-11 12:16:21,878 [BombeRLeWorld] INFO: Agent <llm_maverick_v4> stayed within acceptable think time.
2025-11-11 12:16:21,967 [BombeRLeWorld] INFO: STARTING STEP 164
2025-11-11 12:16:21,985 [BombeRLeWorld] INFO: Agent <llm_maverick_v4> chose action RIGHT in 0.02s.
2025-11-11 12:16:21,985 [BombeRLeWorld] INFO: Agent <llm_maverick_v4> stayed within acceptable think time.
2025-11-11 12:16:21,985 [BombeRLeWorld] INFO: Agent <llm_maverick_v4>'s bomb at (5, 10) explodes
2025-11-11 12:16:22,072 [BombeRLeWorld] INFO: STARTING STEP 165
2025-11-11 12:16:22,096 [BombeRLeWorld] INFO: Agent <llm_maverick_v4> chose action BOMB in 0.02s.
2025-11-11 12:16:22,097 [BombeRLeWorld] INFO: Agent <llm_maverick_v4> stayed within acceptable think time.
2025-11-11 12:16:22,097 [BombeRLeWorld] INFO: Agent <llm_maverick_v4> drops bomb at (6, 13)
2025-11-11 12:16:22,177 [BombeRLeWorld] INFO: STARTING STEP 166
2025-11-11 12:16:22,196 [BombeRLeWorld] INFO: Agent <llm_maverick_v4> chose action RIGHT in 0.02s.
2025-11-11 12:16:22,196 [BombeRLeWorld] INFO: Agent <llm_maverick_v4> stayed within acceptable think time.
2025-11-11 12:16:22,282 [BombeRLeWorld] INFO: STARTING STEP 167
2025-11-11 12:16:22,304 [BombeRLeWorld] INFO: Agent <llm_maverick_v4> chose action UP in 0.02s.
2025-11-11 12:16:22,304 [BombeRLeWorld] INFO: Agent <llm_maverick_v4> stayed within acceptable think time.
2025-11-11 12:16:22,387 [BombeRLeWorld] INFO: STARTING STEP 168
2025-11-11 12:16:22,403 [BombeRLeWorld] INFO: Agent <llm_maverick_v4> chose action UP in 0.02s.
2025-11-11 12:16:22,403 [BombeRLeWorld] INFO: Agent <llm_maverick_v4> stayed within acceptable think time.
2025-11-11 12:16:22,492 [BombeRLeWorld] INFO: STARTING STEP 169
2025-11-11 12:16:22,510 [BombeRLeWorld] INFO: Agent <llm_maverick_v4> chose action LEFT in 0.02s.
2025-11-11 12:16:22,510 [BombeRLeWorld] INFO: Agent <llm_maverick_v4> stayed within acceptable think time.
2025-11-11 12:16:22,510 [BombeRLeWorld] INFO: Agent <llm_maverick_v4>'s bomb at (6, 13) explodes
2025-11-11 12:16:22,599 [BombeRLeWorld] INFO: STARTING STEP 170
2025-11-11 12:16:22,616 [BombeRLeWorld] INFO: Agent <llm_maverick_v4> chose action LEFT in 0.01s.
2025-11-11 12:16:22,616 [BombeRLeWorld] INFO: Agent <llm_maverick_v4> stayed within acceptable think time.
2025-11-11 12:16:22,700 [BombeRLeWorld] INFO: STARTING STEP 171
2025-11-11 12:16:22,719 [BombeRLeWorld] INFO: Agent <llm_maverick_v4> chose action UP in 0.02s.
2025-11-11 12:16:22,719 [BombeRLeWorld] INFO: Agent <llm_maverick_v4> stayed within acceptable think time.
2025-11-11 12:16:22,805 [BombeRLeWorld] INFO: STARTING STEP 172
2025-11-11 12:16:22,827 [BombeRLeWorld] INFO: Agent <llm_maverick_v4> chose action UP in 0.02s.
2025-11-11 12:16:22,827 [BombeRLeWorld] INFO: Agent <llm_maverick_v4> stayed within acceptable think time.
2025-11-11 12:16:22,910 [BombeRLeWorld] INFO: STARTING STEP 173
2025-11-11 12:16:22,925 [BombeRLeWorld] INFO: Agent <llm_maverick_v4> chose action BOMB in 0.02s.
2025-11-11 12:16:22,925 [BombeRLeWorld] INFO: Agent <llm_maverick_v4> stayed within acceptable think time.
2025-11-11 12:16:22,926 [BombeRLeWorld] INFO: Agent <llm_maverick_v4> drops bomb at (5, 9)
2025-11-11 12:16:23,015 [BombeRLeWorld] INFO: STARTING STEP 174
2025-11-11 12:16:23,035 [BombeRLeWorld] INFO: Agent <llm_maverick_v4> chose action UP in 0.02s.
2025-11-11 12:16:23,035 [BombeRLeWorld] INFO: Agent <llm_maverick_v4> stayed within acceptable think time.
2025-11-11 12:16:23,120 [BombeRLeWorld] INFO: STARTING STEP 175
2025-11-11 12:16:23,123 [BombeRLeWorld] INFO: Agent <llm_maverick_v4> chose action UP in 0.00s.
2025-11-11 12:16:23,123 [BombeRLeWorld] INFO: Agent <llm_maverick_v4> stayed within acceptable think time.
2025-11-11 12:16:23,225 [BombeRLeWorld] INFO: STARTING STEP 176
2025-11-11 12:16:23,230 [BombeRLeWorld] INFO: Agent <llm_maverick_v4> chose action RIGHT in 0.00s.
2025-11-11 12:16:23,230 [BombeRLeWorld] INFO: Agent <llm_maverick_v4> stayed within acceptable think time.
2025-11-11 12:16:23,330 [BombeRLeWorld] INFO: STARTING STEP 177
2025-11-11 12:16:23,334 [BombeRLeWorld] INFO: Agent <llm_maverick_v4> chose action WAIT in 0.00s.
2025-11-11 12:16:23,335 [BombeRLeWorld] INFO: Agent <llm_maverick_v4> stayed within acceptable think time.
2025-11-11 12:16:23,335 [BombeRLeWorld] INFO: Agent <llm_maverick_v4>'s bomb at (5, 9) explodes
2025-11-11 12:16:23,432 [BombeRLeWorld] INFO: STARTING STEP 178
2025-11-11 12:16:23,438 [BombeRLeWorld] INFO: Agent <llm_maverick_v4> chose action BOMB in 0.00s.
2025-11-11 12:16:23,438 [BombeRLeWorld] INFO: Agent <llm_maverick_v4> stayed within acceptable think time.
2025-11-11 12:16:23,438 [BombeRLeWorld] INFO: Agent <llm_maverick_v4> drops bomb at (6, 7)
2025-11-11 12:16:23,537 [BombeRLeWorld] INFO: STARTING STEP 179
2025-11-11 12:16:23,556 [BombeRLeWorld] INFO: Agent <llm_maverick_v4> chose action LEFT in 0.02s.
2025-11-11 12:16:23,556 [BombeRLeWorld] INFO: Agent <llm_maverick_v4> stayed within acceptable think time.
2025-11-11 12:16:23,644 [BombeRLeWorld] INFO: STARTING STEP 180
2025-11-11 12:16:24,809 [BombeRLeWorld] INFO: Agent <llm_maverick_v4> chose action DOWN in 1.16s.
2025-11-11 12:16:24,809 [BombeRLeWorld] INFO: Agent <llm_maverick_v4> stayed within acceptable think time.
2025-11-11 12:16:24,809 [BombeRLeWorld] INFO: STARTING STEP 181
2025-11-11 12:16:24,822 [BombeRLeWorld] INFO: Agent <llm_maverick_v4> chose action DOWN in 0.01s.
2025-11-11 12:16:24,822 [BombeRLeWorld] INFO: Agent <llm_maverick_v4> stayed within acceptable think time.
2025-11-11 12:16:24,914 [BombeRLeWorld] INFO: STARTING STEP 182
2025-11-11 12:16:24,924 [BombeRLeWorld] INFO: Agent <llm_maverick_v4> chose action LEFT in 0.01s.
2025-11-11 12:16:24,924 [BombeRLeWorld] INFO: Agent <llm_maverick_v4> stayed within acceptable think time.
2025-11-11 12:16:24,924 [BombeRLeWorld] INFO: Agent <llm_maverick_v4>'s bomb at (6, 7) explodes
2025-11-11 12:16:24,924 [BombeRLeWorld] INFO: Coin found at (7, 7)
2025-11-11 12:16:25,019 [BombeRLeWorld] INFO: STARTING STEP 183
2025-11-11 12:16:25,028 [BombeRLeWorld] INFO: Agent <llm_maverick_v4> chose action LEFT in 0.01s.
2025-11-11 12:16:25,028 [BombeRLeWorld] INFO: Agent <llm_maverick_v4> stayed within acceptable think time.
2025-11-11 12:16:25,122 [BombeRLeWorld] INFO: STARTING STEP 184
2025-11-11 12:16:25,133 [BombeRLeWorld] INFO: Agent <llm_maverick_v4> chose action BOMB in 0.01s.
2025-11-11 12:16:25,133 [BombeRLeWorld] INFO: Agent <llm_maverick_v4> stayed within acceptable think time.
2025-11-11 12:16:25,133 [BombeRLeWorld] INFO: Agent <llm_maverick_v4> drops bomb at (3, 9)
2025-11-11 12:16:25,227 [BombeRLeWorld] INFO: STARTING STEP 185
2025-11-11 12:16:25,244 [BombeRLeWorld] INFO: Agent <llm_maverick_v4> chose action DOWN in 0.02s.
2025-11-11 12:16:25,244 [BombeRLeWorld] INFO: Agent <llm_maverick_v4> stayed within acceptable think time.
2025-11-11 12:16:25,332 [BombeRLeWorld] INFO: STARTING STEP 186
2025-11-11 12:16:25,353 [BombeRLeWorld] INFO: Agent <llm_maverick_v4> chose action DOWN in 0.02s.
2025-11-11 12:16:25,354 [BombeRLeWorld] INFO: Agent <llm_maverick_v4> stayed within acceptable think time.
2025-11-11 12:16:25,437 [BombeRLeWorld] INFO: STARTING STEP 187
2025-11-11 12:16:25,455 [BombeRLeWorld] INFO: Agent <llm_maverick_v4> chose action LEFT in 0.02s.
2025-11-11 12:16:25,455 [BombeRLeWorld] INFO: Agent <llm_maverick_v4> stayed within acceptable think time.
2025-11-11 12:16:25,542 [BombeRLeWorld] INFO: STARTING STEP 188
2025-11-11 12:16:25,549 [BombeRLeWorld] INFO: Agent <llm_maverick_v4> chose action WAIT in 0.01s.
2025-11-11 12:16:25,549 [BombeRLeWorld] INFO: Agent <llm_maverick_v4> stayed within acceptable think time.
2025-11-11 12:16:25,549 [BombeRLeWorld] INFO: Agent <llm_maverick_v4>'s bomb at (3, 9) explodes
2025-11-11 12:16:25,646 [BombeRLeWorld] INFO: STARTING STEP 189
2025-11-11 12:16:25,651 [BombeRLeWorld] INFO: Agent <llm_maverick_v4> chose action BOMB in 0.00s.
2025-11-11 12:16:25,651 [BombeRLeWorld] INFO: Agent <llm_maverick_v4> stayed within acceptable think time.
2025-11-11 12:16:25,651 [BombeRLeWorld] INFO: Agent <llm_maverick_v4> drops bomb at (2, 11)
2025-11-11 12:16:25,751 [BombeRLeWorld] INFO: STARTING STEP 190
2025-11-11 12:16:25,770 [BombeRLeWorld] INFO: Agent <llm_maverick_v4> chose action RIGHT in 0.02s.
2025-11-11 12:16:25,770 [BombeRLeWorld] INFO: Agent <llm_maverick_v4> stayed within acceptable think time.
2025-11-11 12:16:25,856 [BombeRLeWorld] INFO: STARTING STEP 191
2025-11-11 12:16:27,326 [BombeRLeWorld] INFO: Agent <llm_maverick_v4> chose action RIGHT in 1.46s.
2025-11-11 12:16:27,327 [BombeRLeWorld] INFO: Agent <llm_maverick_v4> stayed within acceptable think time.
2025-11-11 12:16:27,327 [BombeRLeWorld] INFO: STARTING STEP 192
2025-11-11 12:16:27,341 [BombeRLeWorld] INFO: Agent <llm_maverick_v4> chose action LEFT in 0.01s.
2025-11-11 12:16:27,341 [BombeRLeWorld] INFO: Agent <llm_maverick_v4> stayed within acceptable think time.
2025-11-11 12:16:27,432 [BombeRLeWorld] INFO: STARTING STEP 193
2025-11-11 12:16:27,445 [BombeRLeWorld] INFO: Agent <llm_maverick_v4> chose action DOWN in 0.01s.
2025-11-11 12:16:27,446 [BombeRLeWorld] INFO: Agent <llm_maverick_v4> stayed within acceptable think time.
2025-11-11 12:16:27,446 [BombeRLeWorld] INFO: Agent <llm_maverick_v4>'s bomb at (2, 11) explodes
2025-11-11 12:16:27,446 [BombeRLeWorld] INFO: Coin found at (1, 11)
2025-11-11 12:16:27,537 [BombeRLeWorld] INFO: STARTING STEP 194
2025-11-11 12:16:27,554 [BombeRLeWorld] INFO: Agent <llm_maverick_v4> chose action BOMB in 0.02s.
2025-11-11 12:16:27,554 [BombeRLeWorld] INFO: Agent <llm_maverick_v4> stayed within acceptable think time.
2025-11-11 12:16:27,554 [BombeRLeWorld] INFO: Agent <llm_maverick_v4> drops bomb at (3, 12)
2025-11-11 12:16:27,642 [BombeRLeWorld] INFO: STARTING STEP 195
2025-11-11 12:16:27,659 [BombeRLeWorld] INFO: Agent <llm_maverick_v4> chose action UP in 0.02s.
2025-11-11 12:16:27,659 [BombeRLeWorld] INFO: Agent <llm_maverick_v4> stayed within acceptable think time.
2025-11-11 12:16:27,747 [BombeRLeWorld] INFO: STARTING STEP 196
2025-11-11 12:16:27,766 [BombeRLeWorld] INFO: Agent <llm_maverick_v4> chose action LEFT in 0.02s.
2025-11-11 12:16:27,766 [BombeRLeWorld] INFO: Agent <llm_maverick_v4> stayed within acceptable think time.
2025-11-11 12:16:27,855 [BombeRLeWorld] INFO: STARTING STEP 197
2025-11-11 12:16:27,867 [BombeRLeWorld] INFO: Agent <llm_maverick_v4> chose action LEFT in 0.01s.
2025-11-11 12:16:27,867 [BombeRLeWorld] INFO: Agent <llm_maverick_v4> stayed within acceptable think time.
2025-11-11 12:16:27,867 [BombeRLeWorld] INFO: Agent <llm_maverick_v4> picked up coin at (1, 11) and receives 1 point
2025-11-11 12:16:27,960 [BombeRLeWorld] INFO: STARTING STEP 198
2025-11-11 12:16:27,966 [BombeRLeWorld] INFO: Agent <llm_maverick_v4> chose action RIGHT in 0.01s.
2025-11-11 12:16:27,966 [BombeRLeWorld] INFO: Agent <llm_maverick_v4> stayed within acceptable think time.
2025-11-11 12:16:27,966 [BombeRLeWorld] INFO: Agent <llm_maverick_v4>'s bomb at (3, 12) explodes
2025-11-11 12:16:28,065 [BombeRLeWorld] INFO: STARTING STEP 199
2025-11-11 12:16:28,071 [BombeRLeWorld] INFO: Agent <llm_maverick_v4> chose action LEFT in 0.01s.
2025-11-11 12:16:28,072 [BombeRLeWorld] INFO: Agent <llm_maverick_v4> stayed within acceptable think time.
2025-11-11 12:16:28,166 [BombeRLeWorld] INFO: STARTING STEP 200
2025-11-11 12:16:29,372 [BombeRLeWorld] INFO: Agent <llm_maverick_v4> chose action RIGHT in 1.21s.
2025-11-11 12:16:29,372 [BombeRLeWorld] INFO: Agent <llm_maverick_v4> stayed within acceptable think time.
2025-11-11 12:16:29,372 [BombeRLeWorld] INFO: STARTING STEP 201
2025-11-11 12:16:30,703 [BombeRLeWorld] INFO: Agent <llm_maverick_v4> chose action RIGHT in 1.33s.
2025-11-11 12:16:30,704 [BombeRLeWorld] INFO: Agent <llm_maverick_v4> stayed within acceptable think time.
2025-11-11 12:16:30,704 [BombeRLeWorld] INFO: STARTING STEP 202
2025-11-11 12:16:30,718 [BombeRLeWorld] INFO: Agent <llm_maverick_v4> chose action LEFT in 0.01s.
2025-11-11 12:16:30,719 [BombeRLeWorld] INFO: Agent <llm_maverick_v4> stayed within acceptable think time.
2025-11-11 12:16:30,809 [BombeRLeWorld] INFO: STARTING STEP 203
2025-11-11 12:16:30,823 [BombeRLeWorld] INFO: Agent <llm_maverick_v4> chose action LEFT in 0.01s.
2025-11-11 12:16:30,823 [BombeRLeWorld] INFO: Agent <llm_maverick_v4> stayed within acceptable think time.
2025-11-11 12:16:30,914 [BombeRLeWorld] INFO: STARTING STEP 204
2025-11-11 12:16:30,931 [BombeRLeWorld] INFO: Agent <llm_maverick_v4> chose action BOMB in 0.02s.
2025-11-11 12:16:30,931 [BombeRLeWorld] INFO: Agent <llm_maverick_v4> stayed within acceptable think time.
2025-11-11 12:16:30,931 [BombeRLeWorld] INFO: Agent <llm_maverick_v4> drops bomb at (1, 11)
2025-11-11 12:16:31,017 [BombeRLeWorld] INFO: STARTING STEP 205
2025-11-11 12:16:31,039 [BombeRLeWorld] INFO: Agent <llm_maverick_v4> chose action RIGHT in 0.02s.
2025-11-11 12:16:31,039 [BombeRLeWorld] INFO: Agent <llm_maverick_v4> stayed within acceptable think time.
2025-11-11 12:16:31,123 [BombeRLeWorld] INFO: STARTING STEP 206
2025-11-11 12:16:31,141 [BombeRLeWorld] INFO: Agent <llm_maverick_v4> chose action RIGHT in 0.02s.
2025-11-11 12:16:31,141 [BombeRLeWorld] INFO: Agent <llm_maverick_v4> stayed within acceptable think time.
2025-11-11 12:16:31,228 [BombeRLeWorld] INFO: STARTING STEP 207
2025-11-11 12:16:31,246 [BombeRLeWorld] INFO: Agent <llm_maverick_v4> chose action UP in 0.02s.
2025-11-11 12:16:31,246 [BombeRLeWorld] INFO: Agent <llm_maverick_v4> stayed within acceptable think time.
2025-11-11 12:16:31,332 [BombeRLeWorld] INFO: STARTING STEP 208
2025-11-11 12:16:31,345 [BombeRLeWorld] INFO: Agent <llm_maverick_v4> chose action UP in 0.01s.
2025-11-11 12:16:31,345 [BombeRLeWorld] INFO: Agent <llm_maverick_v4> stayed within acceptable think time.
2025-11-11 12:16:31,345 [BombeRLeWorld] INFO: Agent <llm_maverick_v4>'s bomb at (1, 11) explodes
2025-11-11 12:16:31,345 [BombeRLeWorld] INFO: Coin found at (1, 10)
2025-11-11 12:16:31,438 [BombeRLeWorld] INFO: STARTING STEP 209
2025-11-11 12:16:31,453 [BombeRLeWorld] INFO: Agent <llm_maverick_v4> chose action LEFT in 0.01s.
2025-11-11 12:16:31,453 [BombeRLeWorld] INFO: Agent <llm_maverick_v4> stayed within acceptable think time.
2025-11-11 12:16:31,539 [BombeRLeWorld] INFO: STARTING STEP 210
2025-11-11 12:16:31,558 [BombeRLeWorld] INFO: Agent <llm_maverick_v4> chose action LEFT in 0.02s.
2025-11-11 12:16:31,558 [BombeRLeWorld] INFO: Agent <llm_maverick_v4> stayed within acceptable think time.
2025-11-11 12:16:31,644 [BombeRLeWorld] INFO: STARTING STEP 211
2025-11-11 12:16:31,658 [BombeRLeWorld] INFO: Agent <llm_maverick_v4> chose action DOWN in 0.01s.
2025-11-11 12:16:31,658 [BombeRLeWorld] INFO: Agent <llm_maverick_v4> stayed within acceptable think time.
2025-11-11 12:16:31,658 [BombeRLeWorld] INFO: Agent <llm_maverick_v4> picked up coin at (1, 10) and receives 1 point
2025-11-11 12:16:31,749 [BombeRLeWorld] INFO: STARTING STEP 212
2025-11-11 12:16:31,766 [BombeRLeWorld] INFO: Agent <llm_maverick_v4> chose action UP in 0.02s.
2025-11-11 12:16:31,766 [BombeRLeWorld] INFO: Agent <llm_maverick_v4> stayed within acceptable think time.
2025-11-11 12:16:31,854 [BombeRLeWorld] INFO: STARTING STEP 213
2025-11-11 12:16:31,867 [BombeRLeWorld] INFO: Agent <llm_maverick_v4> chose action UP in 0.01s.
2025-11-11 12:16:31,867 [BombeRLeWorld] INFO: Agent <llm_maverick_v4> stayed within acceptable think time.
2025-11-11 12:16:31,959 [BombeRLeWorld] INFO: STARTING STEP 214
2025-11-11 12:16:31,975 [BombeRLeWorld] INFO: Agent <llm_maverick_v4> chose action BOMB in 0.02s.
2025-11-11 12:16:31,975 [BombeRLeWorld] INFO: Agent <llm_maverick_v4> stayed within acceptable think time.
2025-11-11 12:16:31,975 [BombeRLeWorld] INFO: Agent <llm_maverick_v4> drops bomb at (1, 8)
2025-11-11 12:16:32,064 [BombeRLeWorld] INFO: STARTING STEP 215
2025-11-11 12:16:32,079 [BombeRLeWorld] INFO: Agent <llm_maverick_v4> chose action DOWN in 0.01s.
2025-11-11 12:16:32,079 [BombeRLeWorld] INFO: Agent <llm_maverick_v4> stayed within acceptable think time.
2025-11-11 12:16:32,169 [BombeRLeWorld] INFO: STARTING STEP 216
2025-11-11 12:16:32,187 [BombeRLeWorld] INFO: Agent <llm_maverick_v4> chose action RIGHT in 0.02s.
2025-11-11 12:16:32,187 [BombeRLeWorld] INFO: Agent <llm_maverick_v4> stayed within acceptable think time.
2025-11-11 12:16:32,274 [BombeRLeWorld] INFO: STARTING STEP 217
2025-11-11 12:16:32,294 [BombeRLeWorld] INFO: Agent <llm_maverick_v4> chose action RIGHT in 0.02s.
2025-11-11 12:16:32,294 [BombeRLeWorld] INFO: Agent <llm_maverick_v4> stayed within acceptable think time.
2025-11-11 12:16:32,379 [BombeRLeWorld] INFO: STARTING STEP 218
2025-11-11 12:16:32,391 [BombeRLeWorld] INFO: Agent <llm_maverick_v4> chose action RIGHT in 0.01s.
2025-11-11 12:16:32,391 [BombeRLeWorld] INFO: Agent <llm_maverick_v4> stayed within acceptable think time.
2025-11-11 12:16:32,391 [BombeRLeWorld] INFO: Agent <llm_maverick_v4>'s bomb at (1, 8) explodes
2025-11-11 12:16:32,484 [BombeRLeWorld] INFO: STARTING STEP 219
2025-11-11 12:16:32,499 [BombeRLeWorld] INFO: Agent <llm_maverick_v4> chose action LEFT in 0.01s.
2025-11-11 12:16:32,499 [BombeRLeWorld] INFO: Agent <llm_maverick_v4> stayed within acceptable think time.
2025-11-11 12:16:32,589 [BombeRLeWorld] INFO: STARTING STEP 220
2025-11-11 12:16:32,602 [BombeRLeWorld] INFO: Agent <llm_maverick_v4> chose action RIGHT in 0.01s.
2025-11-11 12:16:32,602 [BombeRLeWorld] INFO: Agent <llm_maverick_v4> stayed within acceptable think time.
2025-11-11 12:16:32,694 [BombeRLeWorld] INFO: STARTING STEP 221
2025-11-11 12:16:34,020 [BombeRLeWorld] INFO: Agent <llm_maverick_v4> chose action RIGHT in 1.32s.
2025-11-11 12:16:34,020 [BombeRLeWorld] INFO: Agent <llm_maverick_v4> stayed within acceptable think time.
2025-11-11 12:16:34,020 [BombeRLeWorld] INFO: STARTING STEP 222
2025-11-11 12:16:34,034 [BombeRLeWorld] INFO: Agent <llm_maverick_v4> chose action RIGHT in 0.01s.
2025-11-11 12:16:34,034 [BombeRLeWorld] INFO: Agent <llm_maverick_v4> stayed within acceptable think time.
2025-11-11 12:16:34,126 [BombeRLeWorld] INFO: STARTING STEP 223
2025-11-11 12:16:34,146 [BombeRLeWorld] INFO: Agent <llm_maverick_v4> chose action RIGHT in 0.02s.
2025-11-11 12:16:34,146 [BombeRLeWorld] INFO: Agent <llm_maverick_v4> stayed within acceptable think time.
2025-11-11 12:16:34,231 [BombeRLeWorld] INFO: STARTING STEP 224
2025-11-11 12:16:34,246 [BombeRLeWorld] INFO: Agent <llm_maverick_v4> chose action UP in 0.01s.
2025-11-11 12:16:34,246 [BombeRLeWorld] INFO: Agent <llm_maverick_v4> stayed within acceptable think time.
2025-11-11 12:16:34,336 [BombeRLeWorld] INFO: STARTING STEP 225
2025-11-11 12:16:34,352 [BombeRLeWorld] INFO: Agent <llm_maverick_v4> chose action UP in 0.02s.
2025-11-11 12:16:34,352 [BombeRLeWorld] INFO: Agent <llm_maverick_v4> stayed within acceptable think time.
2025-11-11 12:16:34,352 [BombeRLeWorld] INFO: Agent <llm_maverick_v4> picked up coin at (7, 7) and receives 1 point
2025-11-11 12:16:34,441 [BombeRLeWorld] INFO: STARTING STEP 226
2025-11-11 12:16:34,454 [BombeRLeWorld] INFO: Agent <llm_maverick_v4> chose action UP in 0.01s.
2025-11-11 12:16:34,454 [BombeRLeWorld] INFO: Agent <llm_maverick_v4> stayed within acceptable think time.
2025-11-11 12:16:34,546 [BombeRLeWorld] INFO: STARTING STEP 227
2025-11-11 12:16:34,559 [BombeRLeWorld] INFO: Agent <llm_maverick_v4> chose action BOMB in 0.01s.
2025-11-11 12:16:34,559 [BombeRLeWorld] INFO: Agent <llm_maverick_v4> stayed within acceptable think time.
2025-11-11 12:16:34,559 [BombeRLeWorld] INFO: Agent <llm_maverick_v4> drops bomb at (7, 6)
2025-11-11 12:16:34,651 [BombeRLeWorld] INFO: STARTING STEP 228
2025-11-11 12:16:34,670 [BombeRLeWorld] INFO: Agent <llm_maverick_v4> chose action DOWN in 0.02s.
2025-11-11 12:16:34,670 [BombeRLeWorld] INFO: Agent <llm_maverick_v4> stayed within acceptable think time.
2025-11-11 12:16:34,756 [BombeRLeWorld] INFO: STARTING STEP 229
2025-11-11 12:16:34,771 [BombeRLeWorld] INFO: Agent <llm_maverick_v4> chose action LEFT in 0.01s.
2025-11-11 12:16:34,771 [BombeRLeWorld] INFO: Agent <llm_maverick_v4> stayed within acceptable think time.
2025-11-11 12:16:34,861 [BombeRLeWorld] INFO: STARTING STEP 230
2025-11-11 12:16:34,874 [BombeRLeWorld] INFO: Agent <llm_maverick_v4> chose action DOWN in 0.01s.
2025-11-11 12:16:34,874 [BombeRLeWorld] INFO: Agent <llm_maverick_v4> stayed within acceptable think time.
2025-11-11 12:16:34,966 [BombeRLeWorld] INFO: STARTING STEP 231
2025-11-11 12:16:34,971 [BombeRLeWorld] INFO: Agent <llm_maverick_v4> chose action LEFT in 0.01s.
2025-11-11 12:16:34,971 [BombeRLeWorld] INFO: Agent <llm_maverick_v4> stayed within acceptable think time.
2025-11-11 12:16:34,971 [BombeRLeWorld] INFO: Agent <llm_maverick_v4>'s bomb at (7, 6) explodes
2025-11-11 12:16:34,971 [BombeRLeWorld] INFO: Coin found at (7, 3)
2025-11-11 12:16:35,071 [BombeRLeWorld] INFO: STARTING STEP 232
2025-11-11 12:16:35,079 [BombeRLeWorld] INFO: Agent <llm_maverick_v4> chose action LEFT in 0.01s.
2025-11-11 12:16:35,079 [BombeRLeWorld] INFO: Agent <llm_maverick_v4> stayed within acceptable think time.
2025-11-11 12:16:35,176 [BombeRLeWorld] INFO: STARTING STEP 233
2025-11-11 12:16:35,189 [BombeRLeWorld] INFO: Agent <llm_maverick_v4> chose action LEFT in 0.01s.
2025-11-11 12:16:35,189 [BombeRLeWorld] INFO: Agent <llm_maverick_v4> stayed within acceptable think time.
2025-11-11 12:16:35,281 [BombeRLeWorld] INFO: STARTING STEP 234
2025-11-11 12:16:35,296 [BombeRLeWorld] INFO: Agent <llm_maverick_v4> chose action UP in 0.01s.
2025-11-11 12:16:35,296 [BombeRLeWorld] INFO: Agent <llm_maverick_v4> stayed within acceptable think time.
2025-11-11 12:16:35,386 [BombeRLeWorld] INFO: STARTING STEP 235
2025-11-11 12:16:35,400 [BombeRLeWorld] INFO: Agent <llm_maverick_v4> chose action UP in 0.01s.
2025-11-11 12:16:35,400 [BombeRLeWorld] INFO: Agent <llm_maverick_v4> stayed within acceptable think time.
2025-11-11 12:16:35,491 [BombeRLeWorld] INFO: STARTING STEP 236
2025-11-11 12:16:35,506 [BombeRLeWorld] INFO: Agent <llm_maverick_v4> chose action BOMB in 0.01s.
2025-11-11 12:16:35,506 [BombeRLeWorld] INFO: Agent <llm_maverick_v4> stayed within acceptable think time.
2025-11-11 12:16:35,506 [BombeRLeWorld] INFO: Agent <llm_maverick_v4> drops bomb at (3, 5)
2025-11-11 12:16:35,596 [BombeRLeWorld] INFO: STARTING STEP 237
2025-11-11 12:16:35,616 [BombeRLeWorld] INFO: Agent <llm_maverick_v4> chose action DOWN in 0.02s.
2025-11-11 12:16:35,616 [BombeRLeWorld] INFO: Agent <llm_maverick_v4> stayed within acceptable think time.
2025-11-11 12:16:35,701 [BombeRLeWorld] INFO: STARTING STEP 238
2025-11-11 12:16:35,714 [BombeRLeWorld] INFO: Agent <llm_maverick_v4> chose action DOWN in 0.01s.
2025-11-11 12:16:35,714 [BombeRLeWorld] INFO: Agent <llm_maverick_v4> stayed within acceptable think time.
2025-11-11 12:16:35,806 [BombeRLeWorld] INFO: STARTING STEP 239
2025-11-11 12:16:35,824 [BombeRLeWorld] INFO: Agent <llm_maverick_v4> chose action RIGHT in 0.02s.
2025-11-11 12:16:35,824 [BombeRLeWorld] INFO: Agent <llm_maverick_v4> stayed within acceptable think time.
2025-11-11 12:16:35,911 [BombeRLeWorld] INFO: STARTING STEP 240
2025-11-11 12:16:35,924 [BombeRLeWorld] INFO: Agent <llm_maverick_v4> chose action RIGHT in 0.01s.
2025-11-11 12:16:35,924 [BombeRLeWorld] INFO: Agent <llm_maverick_v4> stayed within acceptable think time.
2025-11-11 12:16:35,924 [BombeRLeWorld] INFO: Agent <llm_maverick_v4>'s bomb at (3, 5) explodes
2025-11-11 12:16:35,924 [BombeRLeWorld] INFO: Coin found at (3, 2)
2025-11-11 12:16:36,016 [BombeRLeWorld] INFO: STARTING STEP 241
2025-11-11 12:16:36,030 [BombeRLeWorld] INFO: Agent <llm_maverick_v4> chose action RIGHT in 0.01s.
2025-11-11 12:16:36,030 [BombeRLeWorld] INFO: Agent <llm_maverick_v4> stayed within acceptable think time.
2025-11-11 12:16:36,117 [BombeRLeWorld] INFO: STARTING STEP 242
2025-11-11 12:16:36,137 [BombeRLeWorld] INFO: Agent <llm_maverick_v4> chose action RIGHT in 0.02s.
2025-11-11 12:16:36,137 [BombeRLeWorld] INFO: Agent <llm_maverick_v4> stayed within acceptable think time.
2025-11-11 12:16:36,222 [BombeRLeWorld] INFO: STARTING STEP 243
2025-11-11 12:16:36,234 [BombeRLeWorld] INFO: Agent <llm_maverick_v4> chose action UP in 0.01s.
2025-11-11 12:16:36,234 [BombeRLeWorld] INFO: Agent <llm_maverick_v4> stayed within acceptable think time.
2025-11-11 12:16:36,327 [BombeRLeWorld] INFO: STARTING STEP 244
2025-11-11 12:16:36,342 [BombeRLeWorld] INFO: Agent <llm_maverick_v4> chose action UP in 0.01s.
2025-11-11 12:16:36,343 [BombeRLeWorld] INFO: Agent <llm_maverick_v4> stayed within acceptable think time.
2025-11-11 12:16:36,432 [BombeRLeWorld] INFO: STARTING STEP 245
2025-11-11 12:16:36,444 [BombeRLeWorld] INFO: Agent <llm_maverick_v4> chose action UP in 0.01s.
2025-11-11 12:16:36,444 [BombeRLeWorld] INFO: Agent <llm_maverick_v4> stayed within acceptable think time.
2025-11-11 12:16:36,537 [BombeRLeWorld] INFO: STARTING STEP 246
2025-11-11 12:16:36,550 [BombeRLeWorld] INFO: Agent <llm_maverick_v4> chose action UP in 0.01s.
2025-11-11 12:16:36,550 [BombeRLeWorld] INFO: Agent <llm_maverick_v4> stayed within acceptable think time.
2025-11-11 12:16:36,550 [BombeRLeWorld] INFO: Agent <llm_maverick_v4> picked up coin at (7, 3) and receives 1 point
2025-11-11 12:16:36,647 [BombeRLeWorld] INFO: STARTING STEP 247
2025-11-11 12:16:36,658 [BombeRLeWorld] INFO: Agent <llm_maverick_v4> chose action BOMB in 0.01s.
2025-11-11 12:16:36,658 [BombeRLeWorld] INFO: Agent <llm_maverick_v4> stayed within acceptable think time.
2025-11-11 12:16:36,658 [BombeRLeWorld] INFO: Agent <llm_maverick_v4> drops bomb at (7, 3)
2025-11-11 12:16:36,752 [BombeRLeWorld] INFO: STARTING STEP 248
2025-11-11 12:16:36,765 [BombeRLeWorld] INFO: Agent <llm_maverick_v4> chose action DOWN in 0.01s.
2025-11-11 12:16:36,765 [BombeRLeWorld] INFO: Agent <llm_maverick_v4> stayed within acceptable think time.
2025-11-11 12:16:36,857 [BombeRLeWorld] INFO: STARTING STEP 249
2025-11-11 12:16:36,876 [BombeRLeWorld] INFO: Agent <llm_maverick_v4> chose action DOWN in 0.02s.
2025-11-11 12:16:36,876 [BombeRLeWorld] INFO: Agent <llm_maverick_v4> stayed within acceptable think time.
2025-11-11 12:16:36,962 [BombeRLeWorld] INFO: STARTING STEP 250
2025-11-11 12:16:36,977 [BombeRLeWorld] INFO: Agent <llm_maverick_v4> chose action LEFT in 0.01s.
2025-11-11 12:16:36,977 [BombeRLeWorld] INFO: Agent <llm_maverick_v4> stayed within acceptable think time.
2025-11-11 12:16:37,067 [BombeRLeWorld] INFO: STARTING STEP 251
2025-11-11 12:16:37,080 [BombeRLeWorld] INFO: Agent <llm_maverick_v4> chose action LEFT in 0.01s.
2025-11-11 12:16:37,080 [BombeRLeWorld] INFO: Agent <llm_maverick_v4> stayed within acceptable think time.
2025-11-11 12:16:37,081 [BombeRLeWorld] INFO: Agent <llm_maverick_v4>'s bomb at (7, 3) explodes
2025-11-11 12:16:37,172 [BombeRLeWorld] INFO: STARTING STEP 252
2025-11-11 12:16:37,183 [BombeRLeWorld] INFO: Agent <llm_maverick_v4> chose action LEFT in 0.01s.
2025-11-11 12:16:37,183 [BombeRLeWorld] INFO: Agent <llm_maverick_v4> stayed within acceptable think time.
2025-11-11 12:16:37,277 [BombeRLeWorld] INFO: STARTING STEP 253
2025-11-11 12:16:37,288 [BombeRLeWorld] INFO: Agent <llm_maverick_v4> chose action LEFT in 0.01s.
2025-11-11 12:16:37,288 [BombeRLeWorld] INFO: Agent <llm_maverick_v4> stayed within acceptable think time.
2025-11-11 12:16:37,382 [BombeRLeWorld] INFO: STARTING STEP 254
2025-11-11 12:16:37,397 [BombeRLeWorld] INFO: Agent <llm_maverick_v4> chose action UP in 0.01s.
2025-11-11 12:16:37,397 [BombeRLeWorld] INFO: Agent <llm_maverick_v4> stayed within acceptable think time.
2025-11-11 12:16:37,487 [BombeRLeWorld] INFO: STARTING STEP 255
2025-11-11 12:16:37,499 [BombeRLeWorld] INFO: Agent <llm_maverick_v4> chose action UP in 0.01s.
2025-11-11 12:16:37,500 [BombeRLeWorld] INFO: Agent <llm_maverick_v4> stayed within acceptable think time.
2025-11-11 12:16:37,592 [BombeRLeWorld] INFO: STARTING STEP 256
2025-11-11 12:16:37,603 [BombeRLeWorld] INFO: Agent <llm_maverick_v4> chose action BOMB in 0.01s.
2025-11-11 12:16:37,603 [BombeRLeWorld] INFO: Agent <llm_maverick_v4> stayed within acceptable think time.
2025-11-11 12:16:37,603 [BombeRLeWorld] INFO: Agent <llm_maverick_v4> drops bomb at (3, 3)
2025-11-11 12:16:37,697 [BombeRLeWorld] INFO: STARTING STEP 257
2025-11-11 12:16:37,710 [BombeRLeWorld] INFO: Agent <llm_maverick_v4> chose action RIGHT in 0.01s.
2025-11-11 12:16:37,710 [BombeRLeWorld] INFO: Agent <llm_maverick_v4> stayed within acceptable think time.
2025-11-11 12:16:37,802 [BombeRLeWorld] INFO: STARTING STEP 258
2025-11-11 12:16:37,816 [BombeRLeWorld] INFO: Agent <llm_maverick_v4> chose action RIGHT in 0.01s.
2025-11-11 12:16:37,816 [BombeRLeWorld] INFO: Agent <llm_maverick_v4> stayed within acceptable think time.
2025-11-11 12:16:37,907 [BombeRLeWorld] INFO: STARTING STEP 259
2025-11-11 12:16:37,920 [BombeRLeWorld] INFO: Agent <llm_maverick_v4> chose action DOWN in 0.01s.
2025-11-11 12:16:37,920 [BombeRLeWorld] INFO: Agent <llm_maverick_v4> stayed within acceptable think time.
2025-11-11 12:16:38,011 [BombeRLeWorld] INFO: STARTING STEP 260
2025-11-11 12:16:38,022 [BombeRLeWorld] INFO: Agent <llm_maverick_v4> chose action DOWN in 0.01s.
2025-11-11 12:16:38,022 [BombeRLeWorld] INFO: Agent <llm_maverick_v4> stayed within acceptable think time.
2025-11-11 12:16:38,022 [BombeRLeWorld] INFO: Agent <llm_maverick_v4>'s bomb at (3, 3) explodes
2025-11-11 12:16:38,116 [BombeRLeWorld] INFO: STARTING STEP 261
2025-11-11 12:16:38,132 [BombeRLeWorld] INFO: Agent <llm_maverick_v4> chose action RIGHT in 0.02s.
2025-11-11 12:16:38,132 [BombeRLeWorld] INFO: Agent <llm_maverick_v4> stayed within acceptable think time.
2025-11-11 12:16:38,221 [BombeRLeWorld] INFO: STARTING STEP 262
2025-11-11 12:16:38,232 [BombeRLeWorld] INFO: Agent <llm_maverick_v4> chose action LEFT in 0.01s.
2025-11-11 12:16:38,232 [BombeRLeWorld] INFO: Agent <llm_maverick_v4> stayed within acceptable think time.
2025-11-11 12:16:38,326 [BombeRLeWorld] INFO: STARTING STEP 263
2025-11-11 12:16:38,338 [BombeRLeWorld] INFO: Agent <llm_maverick_v4> chose action LEFT in 0.01s.
2025-11-11 12:16:38,338 [BombeRLeWorld] INFO: Agent <llm_maverick_v4> stayed within acceptable think time.
2025-11-11 12:16:38,431 [BombeRLeWorld] INFO: STARTING STEP 264
2025-11-11 12:16:38,441 [BombeRLeWorld] INFO: Agent <llm_maverick_v4> chose action LEFT in 0.01s.
2025-11-11 12:16:38,441 [BombeRLeWorld] INFO: Agent <llm_maverick_v4> stayed within acceptable think time.
2025-11-11 12:16:38,536 [BombeRLeWorld] INFO: STARTING STEP 265
2025-11-11 12:16:38,548 [BombeRLeWorld] INFO: Agent <llm_maverick_v4> chose action UP in 0.01s.
2025-11-11 12:16:38,548 [BombeRLeWorld] INFO: Agent <llm_maverick_v4> stayed within acceptable think time.
2025-11-11 12:16:38,647 [BombeRLeWorld] INFO: STARTING STEP 266
2025-11-11 12:16:38,657 [BombeRLeWorld] INFO: Agent <llm_maverick_v4> chose action UP in 0.01s.
2025-11-11 12:16:38,657 [BombeRLeWorld] INFO: Agent <llm_maverick_v4> stayed within acceptable think time.
2025-11-11 12:16:38,752 [BombeRLeWorld] INFO: STARTING STEP 267
2025-11-11 12:16:38,763 [BombeRLeWorld] INFO: Agent <llm_maverick_v4> chose action UP in 0.01s.
2025-11-11 12:16:38,763 [BombeRLeWorld] INFO: Agent <llm_maverick_v4> stayed within acceptable think time.
2025-11-11 12:16:38,763 [BombeRLeWorld] INFO: Agent <llm_maverick_v4> picked up coin at (3, 2) and receives 1 point
2025-11-11 12:16:38,857 [BombeRLeWorld] INFO: STARTING STEP 268
2025-11-11 12:16:38,866 [BombeRLeWorld] INFO: Agent <llm_maverick_v4> chose action UP in 0.01s.
2025-11-11 12:16:38,866 [BombeRLeWorld] INFO: Agent <llm_maverick_v4> stayed within acceptable think time.
2025-11-11 12:16:38,962 [BombeRLeWorld] INFO: STARTING STEP 269
2025-11-11 12:16:38,970 [BombeRLeWorld] INFO: Agent <llm_maverick_v4> chose action BOMB in 0.01s.
2025-11-11 12:16:38,970 [BombeRLeWorld] INFO: Agent <llm_maverick_v4> stayed within acceptable think time.
2025-11-11 12:16:38,970 [BombeRLeWorld] INFO: Agent <llm_maverick_v4> drops bomb at (3, 1)
2025-11-11 12:16:39,067 [BombeRLeWorld] INFO: STARTING STEP 270
2025-11-11 12:16:39,079 [BombeRLeWorld] INFO: Agent <llm_maverick_v4> chose action DOWN in 0.01s.
2025-11-11 12:16:39,079 [BombeRLeWorld] INFO: Agent <llm_maverick_v4> stayed within acceptable think time.
2025-11-11 12:16:39,172 [BombeRLeWorld] INFO: STARTING STEP 271
2025-11-11 12:16:39,183 [BombeRLeWorld] INFO: Agent <llm_maverick_v4> chose action DOWN in 0.01s.
2025-11-11 12:16:39,183 [BombeRLeWorld] INFO: Agent <llm_maverick_v4> stayed within acceptable think time.
2025-11-11 12:16:39,277 [BombeRLeWorld] INFO: STARTING STEP 272
2025-11-11 12:16:39,290 [BombeRLeWorld] INFO: Agent <llm_maverick_v4> chose action BOMB in 0.01s.
2025-11-11 12:16:39,290 [BombeRLeWorld] INFO: Agent <llm_maverick_v4> stayed within acceptable think time.
2025-11-11 12:16:39,382 [BombeRLeWorld] INFO: STARTING STEP 273
2025-11-11 12:16:39,394 [BombeRLeWorld] INFO: Agent <llm_maverick_v4> chose action RIGHT in 0.01s.
2025-11-11 12:16:39,394 [BombeRLeWorld] INFO: Agent <llm_maverick_v4> stayed within acceptable think time.
2025-11-11 12:16:39,394 [BombeRLeWorld] INFO: Agent <llm_maverick_v4>'s bomb at (3, 1) explodes
2025-11-11 12:16:39,487 [BombeRLeWorld] INFO: STARTING STEP 274
2025-11-11 12:16:39,495 [BombeRLeWorld] INFO: Agent <llm_maverick_v4> chose action RIGHT in 0.01s.
2025-11-11 12:16:39,495 [BombeRLeWorld] INFO: Agent <llm_maverick_v4> stayed within acceptable think time.
2025-11-11 12:16:39,592 [BombeRLeWorld] INFO: STARTING STEP 275
2025-11-11 12:16:39,597 [BombeRLeWorld] INFO: Agent <llm_maverick_v4> chose action BOMB in 0.00s.
2025-11-11 12:16:39,597 [BombeRLeWorld] INFO: Agent <llm_maverick_v4> stayed within acceptable think time.
2025-11-11 12:16:39,597 [BombeRLeWorld] INFO: Agent <llm_maverick_v4> drops bomb at (5, 3)
2025-11-11 12:16:39,697 [BombeRLeWorld] INFO: STARTING STEP 276
2025-11-11 12:16:39,707 [BombeRLeWorld] INFO: Agent <llm_maverick_v4> chose action RIGHT in 0.01s.
2025-11-11 12:16:39,707 [BombeRLeWorld] INFO: Agent <llm_maverick_v4> stayed within acceptable think time.
2025-11-11 12:16:39,802 [BombeRLeWorld] INFO: STARTING STEP 277
2025-11-11 12:16:39,812 [BombeRLeWorld] INFO: Agent <llm_maverick_v4> chose action RIGHT in 0.01s.
2025-11-11 12:16:39,813 [BombeRLeWorld] INFO: Agent <llm_maverick_v4> stayed within acceptable think time.
2025-11-11 12:16:39,907 [BombeRLeWorld] INFO: STARTING STEP 278
2025-11-11 12:16:39,916 [BombeRLeWorld] INFO: Agent <llm_maverick_v4> chose action UP in 0.01s.
2025-11-11 12:16:39,916 [BombeRLeWorld] INFO: Agent <llm_maverick_v4> stayed within acceptable think time.
2025-11-11 12:16:40,012 [BombeRLeWorld] INFO: STARTING STEP 279
2025-11-11 12:16:40,015 [BombeRLeWorld] INFO: Agent <llm_maverick_v4> chose action UP in 0.00s.
2025-11-11 12:16:40,015 [BombeRLeWorld] INFO: Agent <llm_maverick_v4> stayed within acceptable think time.
2025-11-11 12:16:40,015 [BombeRLeWorld] INFO: Agent <llm_maverick_v4>'s bomb at (5, 3) explodes
2025-11-11 12:16:40,117 [BombeRLeWorld] INFO: STARTING STEP 280
2025-11-11 12:16:40,121 [BombeRLeWorld] INFO: Agent <llm_maverick_v4> chose action BOMB in 0.00s.
2025-11-11 12:16:40,121 [BombeRLeWorld] INFO: Agent <llm_maverick_v4> stayed within acceptable think time.
2025-11-11 12:16:40,121 [BombeRLeWorld] INFO: Agent <llm_maverick_v4> drops bomb at (7, 1)
2025-11-11 12:16:40,222 [BombeRLeWorld] INFO: STARTING STEP 281
2025-11-11 12:16:40,235 [BombeRLeWorld] INFO: Agent <llm_maverick_v4> chose action DOWN in 0.01s.
2025-11-11 12:16:40,236 [BombeRLeWorld] INFO: Agent <llm_maverick_v4> stayed within acceptable think time.
2025-11-11 12:16:40,333 [BombeRLeWorld] INFO: STARTING STEP 282
2025-11-11 12:16:40,344 [BombeRLeWorld] INFO: Agent <llm_maverick_v4> chose action DOWN in 0.01s.
2025-11-11 12:16:40,345 [BombeRLeWorld] INFO: Agent <llm_maverick_v4> stayed within acceptable think time.
2025-11-11 12:16:40,438 [BombeRLeWorld] INFO: STARTING STEP 283
2025-11-11 12:16:40,452 [BombeRLeWorld] INFO: Agent <llm_maverick_v4> chose action BOMB in 0.01s.
2025-11-11 12:16:40,452 [BombeRLeWorld] INFO: Agent <llm_maverick_v4> stayed within acceptable think time.
2025-11-11 12:16:40,543 [BombeRLeWorld] INFO: STARTING STEP 284
2025-11-11 12:16:40,554 [BombeRLeWorld] INFO: Agent <llm_maverick_v4> chose action RIGHT in 0.01s.
2025-11-11 12:16:40,554 [BombeRLeWorld] INFO: Agent <llm_maverick_v4> stayed within acceptable think time.
2025-11-11 12:16:40,554 [BombeRLeWorld] INFO: Agent <llm_maverick_v4>'s bomb at (7, 1) explodes
2025-11-11 12:16:40,648 [BombeRLeWorld] INFO: STARTING STEP 285
2025-11-11 12:16:40,657 [BombeRLeWorld] INFO: Agent <llm_maverick_v4> chose action RIGHT in 0.01s.
2025-11-11 12:16:40,657 [BombeRLeWorld] INFO: Agent <llm_maverick_v4> stayed within acceptable think time.
2025-11-11 12:16:40,753 [BombeRLeWorld] INFO: STARTING STEP 286
2025-11-11 12:16:40,764 [BombeRLeWorld] INFO: Agent <llm_maverick_v4> chose action BOMB in 0.01s.
2025-11-11 12:16:40,764 [BombeRLeWorld] INFO: Agent <llm_maverick_v4> stayed within acceptable think time.
2025-11-11 12:16:40,764 [BombeRLeWorld] INFO: Agent <llm_maverick_v4> drops bomb at (9, 3)
2025-11-11 12:16:40,858 [BombeRLeWorld] INFO: STARTING STEP 287
2025-11-11 12:16:40,869 [BombeRLeWorld] INFO: Agent <llm_maverick_v4> chose action RIGHT in 0.01s.
2025-11-11 12:16:40,869 [BombeRLeWorld] INFO: Agent <llm_maverick_v4> stayed within acceptable think time.
2025-11-11 12:16:40,964 [BombeRLeWorld] INFO: STARTING STEP 288
2025-11-11 12:16:40,977 [BombeRLeWorld] INFO: Agent <llm_maverick_v4> chose action RIGHT in 0.01s.
2025-11-11 12:16:40,977 [BombeRLeWorld] INFO: Agent <llm_maverick_v4> stayed within acceptable think time.
2025-11-11 12:16:41,072 [BombeRLeWorld] INFO: STARTING STEP 289
2025-11-11 12:16:41,083 [BombeRLeWorld] INFO: Agent <llm_maverick_v4> chose action BOMB in 0.01s.
2025-11-11 12:16:41,083 [BombeRLeWorld] INFO: Agent <llm_maverick_v4> stayed within acceptable think time.
2025-11-11 12:16:41,177 [BombeRLeWorld] INFO: STARTING STEP 290
2025-11-11 12:16:41,183 [BombeRLeWorld] INFO: Agent <llm_maverick_v4> chose action DOWN in 0.01s.
2025-11-11 12:16:41,183 [BombeRLeWorld] INFO: Agent <llm_maverick_v4> stayed within acceptable think time.
2025-11-11 12:16:41,183 [BombeRLeWorld] INFO: Agent <llm_maverick_v4>'s bomb at (9, 3) explodes
2025-11-11 12:16:41,282 [BombeRLeWorld] INFO: STARTING STEP 291
2025-11-11 12:16:41,290 [BombeRLeWorld] INFO: Agent <llm_maverick_v4> chose action BOMB in 0.01s.
2025-11-11 12:16:41,290 [BombeRLeWorld] INFO: Agent <llm_maverick_v4> stayed within acceptable think time.
2025-11-11 12:16:41,290 [BombeRLeWorld] INFO: Agent <llm_maverick_v4> drops bomb at (11, 4)
2025-11-11 12:16:41,387 [BombeRLeWorld] INFO: STARTING STEP 292
2025-11-11 12:16:41,398 [BombeRLeWorld] INFO: Agent <llm_maverick_v4> chose action UP in 0.01s.
2025-11-11 12:16:41,398 [BombeRLeWorld] INFO: Agent <llm_maverick_v4> stayed within acceptable think time.
2025-11-11 12:16:41,492 [BombeRLeWorld] INFO: STARTING STEP 293
2025-11-11 12:16:43,528 [BombeRLeWorld] INFO: Agent <llm_maverick_v4> chose action LEFT in 2.03s.
2025-11-11 12:16:43,528 [BombeRLeWorld] INFO: Agent <llm_maverick_v4> stayed within acceptable think time.
2025-11-11 12:16:43,528 [BombeRLeWorld] INFO: STARTING STEP 294
2025-11-11 12:16:43,534 [BombeRLeWorld] INFO: Agent <llm_maverick_v4> chose action DOWN in 0.01s.
2025-11-11 12:16:43,534 [BombeRLeWorld] INFO: Agent <llm_maverick_v4> stayed within acceptable think time.
2025-11-11 12:16:43,633 [BombeRLeWorld] INFO: STARTING STEP 295
2025-11-11 12:16:43,641 [BombeRLeWorld] INFO: Agent <llm_maverick_v4> chose action LEFT in 0.01s.
2025-11-11 12:16:43,641 [BombeRLeWorld] INFO: Agent <llm_maverick_v4> stayed within acceptable think time.
2025-11-11 12:16:43,641 [BombeRLeWorld] INFO: Agent <llm_maverick_v4>'s bomb at (11, 4) explodes
2025-11-11 12:16:43,738 [BombeRLeWorld] INFO: STARTING STEP 296
2025-11-11 12:16:43,745 [BombeRLeWorld] INFO: Agent <llm_maverick_v4> chose action LEFT in 0.01s.
2025-11-11 12:16:43,745 [BombeRLeWorld] INFO: Agent <llm_maverick_v4> stayed within acceptable think time.
2025-11-11 12:16:43,843 [BombeRLeWorld] INFO: STARTING STEP 297
2025-11-11 12:16:43,851 [BombeRLeWorld] INFO: Agent <llm_maverick_v4> chose action LEFT in 0.01s.
2025-11-11 12:16:43,851 [BombeRLeWorld] INFO: Agent <llm_maverick_v4> stayed within acceptable think time.
2025-11-11 12:16:43,851 [BombeRLeWorld] INFO: One agent left alive with nothing to do, wrap up round
2025-11-11 12:16:43,851 [BombeRLeWorld] INFO: WRAPPING UP ROUND #2
2025-11-11 12:16:49,053 [BombeRLeWorld] INFO: SHUT DOWN
